Timing Analyzer report for alarm
Mon Dec 02 13:57:14 2024
Quartus Prime Version 20.1.1 Build 720 11/11/2020 SJ Lite Edition


---------------------
; Table of Contents ;
---------------------
  1. Legal Notice
  2. Timing Analyzer Summary
  3. Parallel Compilation
  4. Clocks
  5. Slow 1200mV 85C Model Fmax Summary
  6. Slow 1200mV 85C Model Setup Summary
  7. Slow 1200mV 85C Model Hold Summary
  8. Slow 1200mV 85C Model Recovery Summary
  9. Slow 1200mV 85C Model Removal Summary
 10. Slow 1200mV 85C Model Minimum Pulse Width Summary
 11. Slow 1200mV 85C Model Metastability Summary
 12. Slow 1200mV 0C Model Fmax Summary
 13. Slow 1200mV 0C Model Setup Summary
 14. Slow 1200mV 0C Model Hold Summary
 15. Slow 1200mV 0C Model Recovery Summary
 16. Slow 1200mV 0C Model Removal Summary
 17. Slow 1200mV 0C Model Minimum Pulse Width Summary
 18. Slow 1200mV 0C Model Metastability Summary
 19. Fast 1200mV 0C Model Setup Summary
 20. Fast 1200mV 0C Model Hold Summary
 21. Fast 1200mV 0C Model Recovery Summary
 22. Fast 1200mV 0C Model Removal Summary
 23. Fast 1200mV 0C Model Minimum Pulse Width Summary
 24. Fast 1200mV 0C Model Metastability Summary
 25. Multicorner Timing Analysis Summary
 26. Board Trace Model Assignments
 27. Input Transition Times
 28. Signal Integrity Metrics (Slow 1200mv 0c Model)
 29. Signal Integrity Metrics (Slow 1200mv 85c Model)
 30. Signal Integrity Metrics (Fast 1200mv 0c Model)
 31. Setup Transfers
 32. Hold Transfers
 33. Recovery Transfers
 34. Removal Transfers
 35. Report TCCS
 36. Report RSKM
 37. Unconstrained Paths Summary
 38. Clock Status Summary
 39. Unconstrained Input Ports
 40. Unconstrained Output Ports
 41. Unconstrained Input Ports
 42. Unconstrained Output Ports
 43. Timing Analyzer Messages



----------------
; Legal Notice ;
----------------
Copyright (C) 2020  Intel Corporation. All rights reserved.
Your use of Intel Corporation's design tools, logic functions 
and other software and tools, and any partner logic 
functions, and any output files from any of the foregoing 
(including device programming or simulation files), and any 
associated documentation or information are expressly subject 
to the terms and conditions of the Intel Program License 
Subscription Agreement, the Intel Quartus Prime License Agreement,
the Intel FPGA IP License Agreement, or other applicable license
agreement, including, without limitation, that your use is for
the sole purpose of programming logic devices manufactured by
Intel and sold by Intel or its authorized distributors.  Please
refer to the applicable agreement for further details, at
https://fpgasoftware.intel.com/eula.



+-----------------------------------------------------------------------------+
; Timing Analyzer Summary                                                     ;
+-----------------------+-----------------------------------------------------+
; Quartus Prime Version ; Version 20.1.1 Build 720 11/11/2020 SJ Lite Edition ;
; Timing Analyzer       ; Legacy Timing Analyzer                              ;
; Revision Name         ; alarm                                               ;
; Device Family         ; MAX 10                                              ;
; Device Name           ; 10M50DAF484C7G                                      ;
; Timing Models         ; Final                                               ;
; Delay Model           ; Combined                                            ;
; Rise/Fall Delays      ; Enabled                                             ;
+-----------------------+-----------------------------------------------------+


+------------------------------------------+
; Parallel Compilation                     ;
+----------------------------+-------------+
; Processors                 ; Number      ;
+----------------------------+-------------+
; Number detected on machine ; 8           ;
; Maximum allowed            ; 4           ;
;                            ;             ;
; Average used               ; 1.19        ;
; Maximum used               ; 4           ;
;                            ;             ;
; Usage by Processor         ; % Time Used ;
;     Processor 1            ; 100.0%      ;
;     Processor 2            ;   6.5%      ;
;     Processor 3            ;   6.5%      ;
;     Processor 4            ;   6.4%      ;
+----------------------------+-------------+


+--------------------------------------------------------------------------------------------------------------------------------------------------------------------------------------------------------------------------------------------------------------------------------------------+
; Clocks                                                                                                                                                                                                                                                                                     ;
+--------------------------------------------------------------+------+--------+------------+-------+-------+------------+-----------+-------------+-------+--------+-----------+------------+----------+--------+--------+------------------------------------------------------------------+
; Clock Name                                                   ; Type ; Period ; Frequency  ; Rise  ; Fall  ; Duty Cycle ; Divide by ; Multiply by ; Phase ; Offset ; Edge List ; Edge Shift ; Inverted ; Master ; Source ; Targets                                                          ;
+--------------------------------------------------------------+------+--------+------------+-------+-------+------------+-----------+-------------+-------+--------+-----------+------------+----------+--------+--------+------------------------------------------------------------------+
; alarmMode                                                    ; Base ; 1.000  ; 1000.0 MHz ; 0.000 ; 0.500 ;            ;           ;             ;       ;        ;           ;            ;          ;        ;        ; { alarmMode }                                                    ;
; alarmTime:Alarm|dividebyN:hour_low|OUT                       ; Base ; 1.000  ; 1000.0 MHz ; 0.000 ; 0.500 ;            ;           ;             ;       ;        ;           ;            ;          ;        ;        ; { alarmTime:Alarm|dividebyN:hour_low|OUT }                       ;
; alarmTime:Alarm|dividebyN:min_low|OUT                        ; Base ; 1.000  ; 1000.0 MHz ; 0.000 ; 0.500 ;            ;           ;             ;       ;        ;           ;            ;          ;        ;        ; { alarmTime:Alarm|dividebyN:min_low|OUT }                        ;
; alarmTime:Alarm|dividebyN:seconds_low|OUT                    ; Base ; 1.000  ; 1000.0 MHz ; 0.000 ; 0.500 ;            ;           ;             ;       ;        ;           ;            ;          ;        ;        ; { alarmTime:Alarm|dividebyN:seconds_low|OUT }                    ;
; clock                                                        ; Base ; 1.000  ; 1000.0 MHz ; 0.000 ; 0.500 ;            ;           ;             ;       ;        ;           ;            ;          ;        ;        ; { clock }                                                        ;
; StartStop                                                    ; Base ; 1.000  ; 1000.0 MHz ; 0.000 ; 0.500 ;            ;           ;             ;       ;        ;           ;            ;          ;        ;        ; { StartStop }                                                    ;
; timer:Clock|dividebyN:hour_low|OUT                           ; Base ; 1.000  ; 1000.0 MHz ; 0.000 ; 0.500 ;            ;           ;             ;       ;        ;           ;            ;          ;        ;        ; { timer:Clock|dividebyN:hour_low|OUT }                           ;
; timer:Clock|dividebyN:min_low|OUT                            ; Base ; 1.000  ; 1000.0 MHz ; 0.000 ; 0.500 ;            ;           ;             ;       ;        ;           ;            ;          ;        ;        ; { timer:Clock|dividebyN:min_low|OUT }                            ;
; timer:Clock|dividebyN:seconds_low|OUT                        ; Base ; 1.000  ; 1000.0 MHz ; 0.000 ; 0.500 ;            ;           ;             ;       ;        ;           ;            ;          ;        ;        ; { timer:Clock|dividebyN:seconds_low|OUT }                        ;
; timer:Clock|oneHz:OneHzClockGenerator|dividebyN:div5|OUT     ; Base ; 1.000  ; 1000.0 MHz ; 0.000 ; 0.500 ;            ;           ;             ;       ;        ;           ;            ;          ;        ;        ; { timer:Clock|oneHz:OneHzClockGenerator|dividebyN:div5|OUT }     ;
; timer:Clock|oneHz:OneHzClockGenerator|dividebyN:div10|OUT    ; Base ; 1.000  ; 1000.0 MHz ; 0.000 ; 0.500 ;            ;           ;             ;       ;        ;           ;            ;          ;        ;        ; { timer:Clock|oneHz:OneHzClockGenerator|dividebyN:div10|OUT }    ;
; timer:Clock|oneHz:OneHzClockGenerator|dividebyN:div1000L|OUT ; Base ; 1.000  ; 1000.0 MHz ; 0.000 ; 0.500 ;            ;           ;             ;       ;        ;           ;            ;          ;        ;        ; { timer:Clock|oneHz:OneHzClockGenerator|dividebyN:div1000L|OUT } ;
+--------------------------------------------------------------+------+--------+------------+-------+-------+------------+-----------+-------------+-------+--------+-----------+------------+----------+--------+--------+------------------------------------------------------------------+


+-------------------------------------------------------------------------------------------------------------------------------------------------------------+
; Slow 1200mV 85C Model Fmax Summary                                                                                                                          ;
+------------+-----------------+--------------------------------------------------------------+---------------------------------------------------------------+
; Fmax       ; Restricted Fmax ; Clock Name                                                   ; Note                                                          ;
+------------+-----------------+--------------------------------------------------------------+---------------------------------------------------------------+
; 151.38 MHz ; 151.38 MHz      ; alarmMode                                                    ;                                                               ;
; 261.16 MHz ; 261.16 MHz      ; timer:Clock|oneHz:OneHzClockGenerator|dividebyN:div1000L|OUT ;                                                               ;
; 318.17 MHz ; 318.17 MHz      ; timer:Clock|oneHz:OneHzClockGenerator|dividebyN:div10|OUT    ;                                                               ;
; 452.9 MHz  ; 416.15 MHz      ; timer:Clock|dividebyN:min_low|OUT                            ; limit due to minimum period restriction (tmin)                ;
; 625.78 MHz ; 416.15 MHz      ; timer:Clock|dividebyN:seconds_low|OUT                        ; limit due to minimum period restriction (tmin)                ;
; 683.06 MHz ; 416.15 MHz      ; timer:Clock|dividebyN:hour_low|OUT                           ; limit due to minimum period restriction (tmin)                ;
; 739.64 MHz ; 416.15 MHz      ; alarmTime:Alarm|dividebyN:hour_low|OUT                       ; limit due to minimum period restriction (tmin)                ;
; 823.72 MHz ; 416.15 MHz      ; alarmTime:Alarm|dividebyN:seconds_low|OUT                    ; limit due to minimum period restriction (tmin)                ;
; 825.08 MHz ; 416.15 MHz      ; timer:Clock|oneHz:OneHzClockGenerator|dividebyN:div5|OUT     ; limit due to minimum period restriction (tmin)                ;
; 837.52 MHz ; 250.0 MHz       ; clock                                                        ; limit due to minimum period restriction (max I/O toggle rate) ;
; 839.63 MHz ; 416.15 MHz      ; alarmTime:Alarm|dividebyN:min_low|OUT                        ; limit due to minimum period restriction (tmin)                ;
; 1424.5 MHz ; 250.0 MHz       ; StartStop                                                    ; limit due to minimum period restriction (max I/O toggle rate) ;
+------------+-----------------+--------------------------------------------------------------+---------------------------------------------------------------+
This panel reports FMAX for every clock in the design, regardless of the user-specified clock periods.  FMAX is only computed for paths where the source and destination registers or ports are driven by the same clock.  Paths of different clocks, including generated clocks, are ignored.  For paths between a clock and its inversion, FMAX is computed as if the rising and falling edges are scaled along with FMAX, such that the duty cycle (in terms of a percentage) is maintained. Altera recommends that you always use clock constraints and other slack reports for sign-off analysis.


+---------------------------------------------------------------------------------------+
; Slow 1200mV 85C Model Setup Summary                                                   ;
+--------------------------------------------------------------+--------+---------------+
; Clock                                                        ; Slack  ; End Point TNS ;
+--------------------------------------------------------------+--------+---------------+
; timer:Clock|oneHz:OneHzClockGenerator|dividebyN:div5|OUT     ; -6.319 ; -6.781        ;
; timer:Clock|dividebyN:min_low|OUT                            ; -6.305 ; -7.907        ;
; timer:Clock|dividebyN:seconds_low|OUT                        ; -6.206 ; -6.497        ;
; timer:Clock|oneHz:OneHzClockGenerator|dividebyN:div10|OUT    ; -5.812 ; -25.504       ;
; alarmMode                                                    ; -5.606 ; -27.929       ;
; timer:Clock|oneHz:OneHzClockGenerator|dividebyN:div1000L|OUT ; -5.594 ; -29.892       ;
; clock                                                        ; -5.143 ; -5.546        ;
; timer:Clock|dividebyN:hour_low|OUT                           ; -0.464 ; -1.276        ;
; alarmTime:Alarm|dividebyN:hour_low|OUT                       ; -0.352 ; -0.919        ;
; alarmTime:Alarm|dividebyN:seconds_low|OUT                    ; -0.214 ; -0.378        ;
; alarmTime:Alarm|dividebyN:min_low|OUT                        ; -0.191 ; -0.351        ;
; StartStop                                                    ; 0.298  ; 0.000         ;
+--------------------------------------------------------------+--------+---------------+


+--------------------------------------------------------------------------------------+
; Slow 1200mV 85C Model Hold Summary                                                   ;
+--------------------------------------------------------------+-------+---------------+
; Clock                                                        ; Slack ; End Point TNS ;
+--------------------------------------------------------------+-------+---------------+
; timer:Clock|dividebyN:min_low|OUT                            ; 0.324 ; 0.000         ;
; alarmTime:Alarm|dividebyN:min_low|OUT                        ; 0.330 ; 0.000         ;
; alarmTime:Alarm|dividebyN:seconds_low|OUT                    ; 0.330 ; 0.000         ;
; alarmMode                                                    ; 0.341 ; 0.000         ;
; clock                                                        ; 0.341 ; 0.000         ;
; timer:Clock|dividebyN:seconds_low|OUT                        ; 0.342 ; 0.000         ;
; timer:Clock|dividebyN:hour_low|OUT                           ; 0.343 ; 0.000         ;
; timer:Clock|oneHz:OneHzClockGenerator|dividebyN:div5|OUT     ; 0.343 ; 0.000         ;
; alarmTime:Alarm|dividebyN:hour_low|OUT                       ; 0.348 ; 0.000         ;
; StartStop                                                    ; 0.393 ; 0.000         ;
; timer:Clock|oneHz:OneHzClockGenerator|dividebyN:div10|OUT    ; 0.854 ; 0.000         ;
; timer:Clock|oneHz:OneHzClockGenerator|dividebyN:div1000L|OUT ; 1.171 ; 0.000         ;
+--------------------------------------------------------------+-------+---------------+


+---------------------------------------------------------------------------------------+
; Slow 1200mV 85C Model Recovery Summary                                                ;
+--------------------------------------------------------------+--------+---------------+
; Clock                                                        ; Slack  ; End Point TNS ;
+--------------------------------------------------------------+--------+---------------+
; timer:Clock|dividebyN:hour_low|OUT                           ; -7.235 ; -28.940       ;
; timer:Clock|oneHz:OneHzClockGenerator|dividebyN:div1000L|OUT ; -6.604 ; -58.864       ;
; timer:Clock|oneHz:OneHzClockGenerator|dividebyN:div5|OUT     ; -6.464 ; -25.856       ;
; timer:Clock|dividebyN:seconds_low|OUT                        ; -6.005 ; -18.015       ;
; timer:Clock|oneHz:OneHzClockGenerator|dividebyN:div10|OUT    ; -5.964 ; -58.624       ;
; alarmMode                                                    ; -5.697 ; -97.378       ;
; timer:Clock|dividebyN:min_low|OUT                            ; -5.670 ; -17.010       ;
; alarmTime:Alarm|dividebyN:hour_low|OUT                       ; -5.514 ; -22.056       ;
; clock                                                        ; -5.229 ; -15.687       ;
; alarmTime:Alarm|dividebyN:min_low|OUT                        ; -4.531 ; -13.593       ;
; alarmTime:Alarm|dividebyN:seconds_low|OUT                    ; -3.417 ; -10.251       ;
+--------------------------------------------------------------+--------+---------------+


+--------------------------------------------------------------------------------------+
; Slow 1200mV 85C Model Removal Summary                                                ;
+--------------------------------------------------------------+-------+---------------+
; Clock                                                        ; Slack ; End Point TNS ;
+--------------------------------------------------------------+-------+---------------+
; alarmMode                                                    ; 1.771 ; 0.000         ;
; clock                                                        ; 2.677 ; 0.000         ;
; alarmTime:Alarm|dividebyN:seconds_low|OUT                    ; 2.685 ; 0.000         ;
; timer:Clock|oneHz:OneHzClockGenerator|dividebyN:div1000L|OUT ; 3.077 ; 0.000         ;
; timer:Clock|dividebyN:min_low|OUT                            ; 3.278 ; 0.000         ;
; timer:Clock|oneHz:OneHzClockGenerator|dividebyN:div10|OUT    ; 3.374 ; 0.000         ;
; timer:Clock|dividebyN:seconds_low|OUT                        ; 3.674 ; 0.000         ;
; alarmTime:Alarm|dividebyN:min_low|OUT                        ; 3.758 ; 0.000         ;
; timer:Clock|oneHz:OneHzClockGenerator|dividebyN:div5|OUT     ; 4.117 ; 0.000         ;
; alarmTime:Alarm|dividebyN:hour_low|OUT                       ; 4.864 ; 0.000         ;
; timer:Clock|dividebyN:hour_low|OUT                           ; 5.041 ; 0.000         ;
+--------------------------------------------------------------+-------+---------------+


+---------------------------------------------------------------------------------------+
; Slow 1200mV 85C Model Minimum Pulse Width Summary                                     ;
+--------------------------------------------------------------+--------+---------------+
; Clock                                                        ; Slack  ; End Point TNS ;
+--------------------------------------------------------------+--------+---------------+
; alarmMode                                                    ; -3.000 ; -45.090       ;
; clock                                                        ; -3.000 ; -8.612        ;
; StartStop                                                    ; -3.000 ; -4.403        ;
; timer:Clock|oneHz:OneHzClockGenerator|dividebyN:div1000L|OUT ; -1.403 ; -15.433       ;
; timer:Clock|oneHz:OneHzClockGenerator|dividebyN:div10|OUT    ; -1.403 ; -15.433       ;
; timer:Clock|oneHz:OneHzClockGenerator|dividebyN:div5|OUT     ; -1.403 ; -7.015        ;
; alarmTime:Alarm|dividebyN:hour_low|OUT                       ; -1.403 ; -5.612        ;
; timer:Clock|dividebyN:hour_low|OUT                           ; -1.403 ; -5.612        ;
; timer:Clock|dividebyN:min_low|OUT                            ; -1.403 ; -5.612        ;
; timer:Clock|dividebyN:seconds_low|OUT                        ; -1.403 ; -5.612        ;
; alarmTime:Alarm|dividebyN:min_low|OUT                        ; -1.403 ; -4.209        ;
; alarmTime:Alarm|dividebyN:seconds_low|OUT                    ; -1.403 ; -4.209        ;
+--------------------------------------------------------------+--------+---------------+


-----------------------------------------------
; Slow 1200mV 85C Model Metastability Summary ;
-----------------------------------------------
No synchronizer chains to report.


+--------------------------------------------------------------------------------------------------------------------------------------------------------------+
; Slow 1200mV 0C Model Fmax Summary                                                                                                                            ;
+-------------+-----------------+--------------------------------------------------------------+---------------------------------------------------------------+
; Fmax        ; Restricted Fmax ; Clock Name                                                   ; Note                                                          ;
+-------------+-----------------+--------------------------------------------------------------+---------------------------------------------------------------+
; 162.1 MHz   ; 162.1 MHz       ; alarmMode                                                    ;                                                               ;
; 287.77 MHz  ; 287.77 MHz      ; timer:Clock|oneHz:OneHzClockGenerator|dividebyN:div1000L|OUT ;                                                               ;
; 346.86 MHz  ; 346.86 MHz      ; timer:Clock|oneHz:OneHzClockGenerator|dividebyN:div10|OUT    ;                                                               ;
; 490.2 MHz   ; 416.15 MHz      ; timer:Clock|dividebyN:min_low|OUT                            ; limit due to minimum period restriction (tmin)                ;
; 677.97 MHz  ; 416.15 MHz      ; timer:Clock|dividebyN:seconds_low|OUT                        ; limit due to minimum period restriction (tmin)                ;
; 749.06 MHz  ; 416.15 MHz      ; timer:Clock|dividebyN:hour_low|OUT                           ; limit due to minimum period restriction (tmin)                ;
; 815.66 MHz  ; 416.15 MHz      ; alarmTime:Alarm|dividebyN:hour_low|OUT                       ; limit due to minimum period restriction (tmin)                ;
; 900.09 MHz  ; 416.15 MHz      ; alarmTime:Alarm|dividebyN:seconds_low|OUT                    ; limit due to minimum period restriction (tmin)                ;
; 901.71 MHz  ; 416.15 MHz      ; timer:Clock|oneHz:OneHzClockGenerator|dividebyN:div5|OUT     ; limit due to minimum period restriction (tmin)                ;
; 914.08 MHz  ; 250.0 MHz       ; clock                                                        ; limit due to minimum period restriction (max I/O toggle rate) ;
; 925.07 MHz  ; 416.15 MHz      ; alarmTime:Alarm|dividebyN:min_low|OUT                        ; limit due to minimum period restriction (tmin)                ;
; 1564.95 MHz ; 250.0 MHz       ; StartStop                                                    ; limit due to minimum period restriction (max I/O toggle rate) ;
+-------------+-----------------+--------------------------------------------------------------+---------------------------------------------------------------+
This panel reports FMAX for every clock in the design, regardless of the user-specified clock periods.  FMAX is only computed for paths where the source and destination registers or ports are driven by the same clock.  Paths of different clocks, including generated clocks, are ignored.  For paths between a clock and its inversion, FMAX is computed as if the rising and falling edges are scaled along with FMAX, such that the duty cycle (in terms of a percentage) is maintained. Altera recommends that you always use clock constraints and other slack reports for sign-off analysis.


+---------------------------------------------------------------------------------------+
; Slow 1200mV 0C Model Setup Summary                                                    ;
+--------------------------------------------------------------+--------+---------------+
; Clock                                                        ; Slack  ; End Point TNS ;
+--------------------------------------------------------------+--------+---------------+
; timer:Clock|dividebyN:min_low|OUT                            ; -5.870 ; -7.173        ;
; timer:Clock|oneHz:OneHzClockGenerator|dividebyN:div5|OUT     ; -5.855 ; -6.019        ;
; timer:Clock|dividebyN:seconds_low|OUT                        ; -5.748 ; -5.841        ;
; timer:Clock|oneHz:OneHzClockGenerator|dividebyN:div10|OUT    ; -5.397 ; -22.412       ;
; timer:Clock|oneHz:OneHzClockGenerator|dividebyN:div1000L|OUT ; -5.189 ; -26.447       ;
; alarmMode                                                    ; -5.169 ; -23.948       ;
; clock                                                        ; -4.681 ; -4.858        ;
; timer:Clock|dividebyN:hour_low|OUT                           ; -0.335 ; -0.813        ;
; alarmTime:Alarm|dividebyN:hour_low|OUT                       ; -0.226 ; -0.487        ;
; alarmTime:Alarm|dividebyN:seconds_low|OUT                    ; -0.111 ; -0.177        ;
; alarmTime:Alarm|dividebyN:min_low|OUT                        ; -0.081 ; -0.143        ;
; StartStop                                                    ; 0.361  ; 0.000         ;
+--------------------------------------------------------------+--------+---------------+


+--------------------------------------------------------------------------------------+
; Slow 1200mV 0C Model Hold Summary                                                    ;
+--------------------------------------------------------------+-------+---------------+
; Clock                                                        ; Slack ; End Point TNS ;
+--------------------------------------------------------------+-------+---------------+
; timer:Clock|dividebyN:min_low|OUT                            ; 0.289 ; 0.000         ;
; alarmTime:Alarm|dividebyN:min_low|OUT                        ; 0.296 ; 0.000         ;
; alarmTime:Alarm|dividebyN:seconds_low|OUT                    ; 0.296 ; 0.000         ;
; alarmMode                                                    ; 0.306 ; 0.000         ;
; clock                                                        ; 0.306 ; 0.000         ;
; timer:Clock|dividebyN:hour_low|OUT                           ; 0.306 ; 0.000         ;
; timer:Clock|dividebyN:seconds_low|OUT                        ; 0.306 ; 0.000         ;
; timer:Clock|oneHz:OneHzClockGenerator|dividebyN:div5|OUT     ; 0.306 ; 0.000         ;
; alarmTime:Alarm|dividebyN:hour_low|OUT                       ; 0.312 ; 0.000         ;
; StartStop                                                    ; 0.354 ; 0.000         ;
; timer:Clock|oneHz:OneHzClockGenerator|dividebyN:div10|OUT    ; 0.775 ; 0.000         ;
; timer:Clock|oneHz:OneHzClockGenerator|dividebyN:div1000L|OUT ; 1.074 ; 0.000         ;
+--------------------------------------------------------------+-------+---------------+


+---------------------------------------------------------------------------------------+
; Slow 1200mV 0C Model Recovery Summary                                                 ;
+--------------------------------------------------------------+--------+---------------+
; Clock                                                        ; Slack  ; End Point TNS ;
+--------------------------------------------------------------+--------+---------------+
; timer:Clock|dividebyN:hour_low|OUT                           ; -6.650 ; -26.600       ;
; timer:Clock|oneHz:OneHzClockGenerator|dividebyN:div1000L|OUT ; -6.141 ; -54.558       ;
; timer:Clock|oneHz:OneHzClockGenerator|dividebyN:div5|OUT     ; -5.979 ; -23.916       ;
; timer:Clock|dividebyN:seconds_low|OUT                        ; -5.539 ; -16.617       ;
; timer:Clock|oneHz:OneHzClockGenerator|dividebyN:div10|OUT    ; -5.529 ; -54.302       ;
; timer:Clock|dividebyN:min_low|OUT                            ; -5.270 ; -15.810       ;
; alarmMode                                                    ; -5.240 ; -89.015       ;
; alarmTime:Alarm|dividebyN:hour_low|OUT                       ; -5.104 ; -20.416       ;
; clock                                                        ; -4.757 ; -14.271       ;
; alarmTime:Alarm|dividebyN:min_low|OUT                        ; -4.229 ; -12.687       ;
; alarmTime:Alarm|dividebyN:seconds_low|OUT                    ; -3.197 ; -9.591        ;
+--------------------------------------------------------------+--------+---------------+


+--------------------------------------------------------------------------------------+
; Slow 1200mV 0C Model Removal Summary                                                 ;
+--------------------------------------------------------------+-------+---------------+
; Clock                                                        ; Slack ; End Point TNS ;
+--------------------------------------------------------------+-------+---------------+
; alarmMode                                                    ; 1.546 ; 0.000         ;
; clock                                                        ; 2.303 ; 0.000         ;
; alarmTime:Alarm|dividebyN:seconds_low|OUT                    ; 2.489 ; 0.000         ;
; timer:Clock|oneHz:OneHzClockGenerator|dividebyN:div1000L|OUT ; 2.860 ; 0.000         ;
; timer:Clock|dividebyN:min_low|OUT                            ; 3.030 ; 0.000         ;
; timer:Clock|oneHz:OneHzClockGenerator|dividebyN:div10|OUT    ; 3.104 ; 0.000         ;
; timer:Clock|dividebyN:seconds_low|OUT                        ; 3.369 ; 0.000         ;
; alarmTime:Alarm|dividebyN:min_low|OUT                        ; 3.439 ; 0.000         ;
; timer:Clock|oneHz:OneHzClockGenerator|dividebyN:div5|OUT     ; 3.764 ; 0.000         ;
; alarmTime:Alarm|dividebyN:hour_low|OUT                       ; 4.429 ; 0.000         ;
; timer:Clock|dividebyN:hour_low|OUT                           ; 4.596 ; 0.000         ;
+--------------------------------------------------------------+-------+---------------+


+---------------------------------------------------------------------------------------+
; Slow 1200mV 0C Model Minimum Pulse Width Summary                                      ;
+--------------------------------------------------------------+--------+---------------+
; Clock                                                        ; Slack  ; End Point TNS ;
+--------------------------------------------------------------+--------+---------------+
; alarmMode                                                    ; -3.000 ; -45.090       ;
; clock                                                        ; -3.000 ; -8.612        ;
; StartStop                                                    ; -3.000 ; -4.403        ;
; timer:Clock|oneHz:OneHzClockGenerator|dividebyN:div1000L|OUT ; -1.403 ; -15.433       ;
; timer:Clock|oneHz:OneHzClockGenerator|dividebyN:div10|OUT    ; -1.403 ; -15.433       ;
; timer:Clock|oneHz:OneHzClockGenerator|dividebyN:div5|OUT     ; -1.403 ; -7.015        ;
; alarmTime:Alarm|dividebyN:hour_low|OUT                       ; -1.403 ; -5.612        ;
; timer:Clock|dividebyN:hour_low|OUT                           ; -1.403 ; -5.612        ;
; timer:Clock|dividebyN:min_low|OUT                            ; -1.403 ; -5.612        ;
; timer:Clock|dividebyN:seconds_low|OUT                        ; -1.403 ; -5.612        ;
; alarmTime:Alarm|dividebyN:min_low|OUT                        ; -1.403 ; -4.209        ;
; alarmTime:Alarm|dividebyN:seconds_low|OUT                    ; -1.403 ; -4.209        ;
+--------------------------------------------------------------+--------+---------------+


----------------------------------------------
; Slow 1200mV 0C Model Metastability Summary ;
----------------------------------------------
No synchronizer chains to report.


+---------------------------------------------------------------------------------------+
; Fast 1200mV 0C Model Setup Summary                                                    ;
+--------------------------------------------------------------+--------+---------------+
; Clock                                                        ; Slack  ; End Point TNS ;
+--------------------------------------------------------------+--------+---------------+
; timer:Clock|dividebyN:min_low|OUT                            ; -2.473 ; -2.473        ;
; timer:Clock|oneHz:OneHzClockGenerator|dividebyN:div5|OUT     ; -2.469 ; -2.469        ;
; timer:Clock|dividebyN:seconds_low|OUT                        ; -2.411 ; -2.411        ;
; timer:Clock|oneHz:OneHzClockGenerator|dividebyN:div10|OUT    ; -2.161 ; -4.660        ;
; timer:Clock|oneHz:OneHzClockGenerator|dividebyN:div1000L|OUT ; -2.114 ; -7.212        ;
; alarmMode                                                    ; -2.050 ; -6.438        ;
; clock                                                        ; -1.885 ; -1.885        ;
; timer:Clock|dividebyN:hour_low|OUT                           ; 0.352  ; 0.000         ;
; alarmTime:Alarm|dividebyN:hour_low|OUT                       ; 0.412  ; 0.000         ;
; alarmTime:Alarm|dividebyN:min_low|OUT                        ; 0.479  ; 0.000         ;
; alarmTime:Alarm|dividebyN:seconds_low|OUT                    ; 0.481  ; 0.000         ;
; StartStop                                                    ; 0.693  ; 0.000         ;
+--------------------------------------------------------------+--------+---------------+


+--------------------------------------------------------------------------------------+
; Fast 1200mV 0C Model Hold Summary                                                    ;
+--------------------------------------------------------------+-------+---------------+
; Clock                                                        ; Slack ; End Point TNS ;
+--------------------------------------------------------------+-------+---------------+
; alarmMode                                                    ; 0.080 ; 0.000         ;
; timer:Clock|dividebyN:min_low|OUT                            ; 0.138 ; 0.000         ;
; alarmTime:Alarm|dividebyN:min_low|OUT                        ; 0.143 ; 0.000         ;
; alarmTime:Alarm|dividebyN:seconds_low|OUT                    ; 0.143 ; 0.000         ;
; timer:Clock|dividebyN:seconds_low|OUT                        ; 0.147 ; 0.000         ;
; clock                                                        ; 0.148 ; 0.000         ;
; timer:Clock|dividebyN:hour_low|OUT                           ; 0.148 ; 0.000         ;
; timer:Clock|oneHz:OneHzClockGenerator|dividebyN:div5|OUT     ; 0.148 ; 0.000         ;
; alarmTime:Alarm|dividebyN:hour_low|OUT                       ; 0.152 ; 0.000         ;
; StartStop                                                    ; 0.169 ; 0.000         ;
; timer:Clock|oneHz:OneHzClockGenerator|dividebyN:div10|OUT    ; 0.345 ; 0.000         ;
; timer:Clock|oneHz:OneHzClockGenerator|dividebyN:div1000L|OUT ; 0.462 ; 0.000         ;
+--------------------------------------------------------------+-------+---------------+


+---------------------------------------------------------------------------------------+
; Fast 1200mV 0C Model Recovery Summary                                                 ;
+--------------------------------------------------------------+--------+---------------+
; Clock                                                        ; Slack  ; End Point TNS ;
+--------------------------------------------------------------+--------+---------------+
; timer:Clock|dividebyN:hour_low|OUT                           ; -2.948 ; -11.792       ;
; timer:Clock|oneHz:OneHzClockGenerator|dividebyN:div1000L|OUT ; -2.642 ; -22.730       ;
; timer:Clock|oneHz:OneHzClockGenerator|dividebyN:div5|OUT     ; -2.566 ; -10.264       ;
; timer:Clock|dividebyN:seconds_low|OUT                        ; -2.308 ; -6.924        ;
; timer:Clock|oneHz:OneHzClockGenerator|dividebyN:div10|OUT    ; -2.254 ; -22.128       ;
; timer:Clock|dividebyN:min_low|OUT                            ; -2.142 ; -6.426        ;
; alarmMode                                                    ; -2.118 ; -31.562       ;
; alarmTime:Alarm|dividebyN:hour_low|OUT                       ; -2.051 ; -8.204        ;
; clock                                                        ; -1.958 ; -5.874        ;
; alarmTime:Alarm|dividebyN:min_low|OUT                        ; -1.574 ; -4.722        ;
; alarmTime:Alarm|dividebyN:seconds_low|OUT                    ; -1.019 ; -3.057        ;
+--------------------------------------------------------------+--------+---------------+


+--------------------------------------------------------------------------------------+
; Fast 1200mV 0C Model Removal Summary                                                 ;
+--------------------------------------------------------------+-------+---------------+
; Clock                                                        ; Slack ; End Point TNS ;
+--------------------------------------------------------------+-------+---------------+
; alarmMode                                                    ; 0.505 ; 0.000         ;
; clock                                                        ; 0.988 ; 0.000         ;
; alarmTime:Alarm|dividebyN:seconds_low|OUT                    ; 1.060 ; 0.000         ;
; timer:Clock|oneHz:OneHzClockGenerator|dividebyN:div1000L|OUT ; 1.248 ; 0.000         ;
; timer:Clock|dividebyN:min_low|OUT                            ; 1.335 ; 0.000         ;
; timer:Clock|oneHz:OneHzClockGenerator|dividebyN:div10|OUT    ; 1.356 ; 0.000         ;
; timer:Clock|dividebyN:seconds_low|OUT                        ; 1.533 ; 0.000         ;
; alarmTime:Alarm|dividebyN:min_low|OUT                        ; 1.539 ; 0.000         ;
; timer:Clock|oneHz:OneHzClockGenerator|dividebyN:div5|OUT     ; 1.772 ; 0.000         ;
; alarmTime:Alarm|dividebyN:hour_low|OUT                       ; 2.100 ; 0.000         ;
; timer:Clock|dividebyN:hour_low|OUT                           ; 2.235 ; 0.000         ;
+--------------------------------------------------------------+-------+---------------+


+---------------------------------------------------------------------------------------+
; Fast 1200mV 0C Model Minimum Pulse Width Summary                                      ;
+--------------------------------------------------------------+--------+---------------+
; Clock                                                        ; Slack  ; End Point TNS ;
+--------------------------------------------------------------+--------+---------------+
; alarmMode                                                    ; -3.000 ; -34.546       ;
; clock                                                        ; -3.000 ; -7.000        ;
; StartStop                                                    ; -3.000 ; -4.189        ;
; timer:Clock|oneHz:OneHzClockGenerator|dividebyN:div1000L|OUT ; -1.000 ; -11.000       ;
; timer:Clock|oneHz:OneHzClockGenerator|dividebyN:div10|OUT    ; -1.000 ; -11.000       ;
; timer:Clock|oneHz:OneHzClockGenerator|dividebyN:div5|OUT     ; -1.000 ; -5.000        ;
; alarmTime:Alarm|dividebyN:hour_low|OUT                       ; -1.000 ; -4.000        ;
; timer:Clock|dividebyN:hour_low|OUT                           ; -1.000 ; -4.000        ;
; timer:Clock|dividebyN:min_low|OUT                            ; -1.000 ; -4.000        ;
; timer:Clock|dividebyN:seconds_low|OUT                        ; -1.000 ; -4.000        ;
; alarmTime:Alarm|dividebyN:min_low|OUT                        ; -1.000 ; -3.000        ;
; alarmTime:Alarm|dividebyN:seconds_low|OUT                    ; -1.000 ; -3.000        ;
+--------------------------------------------------------------+--------+---------------+


----------------------------------------------
; Fast 1200mV 0C Model Metastability Summary ;
----------------------------------------------
No synchronizer chains to report.


+----------------------------------------------------------------------------------------------------------------------------+
; Multicorner Timing Analysis Summary                                                                                        ;
+---------------------------------------------------------------+---------+-------+----------+---------+---------------------+
; Clock                                                         ; Setup   ; Hold  ; Recovery ; Removal ; Minimum Pulse Width ;
+---------------------------------------------------------------+---------+-------+----------+---------+---------------------+
; Worst-case Slack                                              ; -6.319  ; 0.080 ; -7.235   ; 0.505   ; -3.000              ;
;  StartStop                                                    ; 0.298   ; 0.169 ; N/A      ; N/A     ; -3.000              ;
;  alarmMode                                                    ; -5.606  ; 0.080 ; -5.697   ; 0.505   ; -3.000              ;
;  alarmTime:Alarm|dividebyN:hour_low|OUT                       ; -0.352  ; 0.152 ; -5.514   ; 2.100   ; -1.403              ;
;  alarmTime:Alarm|dividebyN:min_low|OUT                        ; -0.191  ; 0.143 ; -4.531   ; 1.539   ; -1.403              ;
;  alarmTime:Alarm|dividebyN:seconds_low|OUT                    ; -0.214  ; 0.143 ; -3.417   ; 1.060   ; -1.403              ;
;  clock                                                        ; -5.143  ; 0.148 ; -5.229   ; 0.988   ; -3.000              ;
;  timer:Clock|dividebyN:hour_low|OUT                           ; -0.464  ; 0.148 ; -7.235   ; 2.235   ; -1.403              ;
;  timer:Clock|dividebyN:min_low|OUT                            ; -6.305  ; 0.138 ; -5.670   ; 1.335   ; -1.403              ;
;  timer:Clock|dividebyN:seconds_low|OUT                        ; -6.206  ; 0.147 ; -6.005   ; 1.533   ; -1.403              ;
;  timer:Clock|oneHz:OneHzClockGenerator|dividebyN:div1000L|OUT ; -5.594  ; 0.462 ; -6.604   ; 1.248   ; -1.403              ;
;  timer:Clock|oneHz:OneHzClockGenerator|dividebyN:div10|OUT    ; -5.812  ; 0.345 ; -5.964   ; 1.356   ; -1.403              ;
;  timer:Clock|oneHz:OneHzClockGenerator|dividebyN:div5|OUT     ; -6.319  ; 0.148 ; -6.464   ; 1.772   ; -1.403              ;
; Design-wide TNS                                               ; -112.98 ; 0.0   ; -366.274 ; 0.0     ; -126.852            ;
;  StartStop                                                    ; 0.000   ; 0.000 ; N/A      ; N/A     ; -4.403              ;
;  alarmMode                                                    ; -27.929 ; 0.000 ; -97.378  ; 0.000   ; -45.090             ;
;  alarmTime:Alarm|dividebyN:hour_low|OUT                       ; -0.919  ; 0.000 ; -22.056  ; 0.000   ; -5.612              ;
;  alarmTime:Alarm|dividebyN:min_low|OUT                        ; -0.351  ; 0.000 ; -13.593  ; 0.000   ; -4.209              ;
;  alarmTime:Alarm|dividebyN:seconds_low|OUT                    ; -0.378  ; 0.000 ; -10.251  ; 0.000   ; -4.209              ;
;  clock                                                        ; -5.546  ; 0.000 ; -15.687  ; 0.000   ; -8.612              ;
;  timer:Clock|dividebyN:hour_low|OUT                           ; -1.276  ; 0.000 ; -28.940  ; 0.000   ; -5.612              ;
;  timer:Clock|dividebyN:min_low|OUT                            ; -7.907  ; 0.000 ; -17.010  ; 0.000   ; -5.612              ;
;  timer:Clock|dividebyN:seconds_low|OUT                        ; -6.497  ; 0.000 ; -18.015  ; 0.000   ; -5.612              ;
;  timer:Clock|oneHz:OneHzClockGenerator|dividebyN:div1000L|OUT ; -29.892 ; 0.000 ; -58.864  ; 0.000   ; -15.433             ;
;  timer:Clock|oneHz:OneHzClockGenerator|dividebyN:div10|OUT    ; -25.504 ; 0.000 ; -58.624  ; 0.000   ; -15.433             ;
;  timer:Clock|oneHz:OneHzClockGenerator|dividebyN:div5|OUT     ; -6.781  ; 0.000 ; -25.856  ; 0.000   ; -7.015              ;
+---------------------------------------------------------------+---------+-------+----------+---------+---------------------+


+-----------------------------------------------------------------------------------------------------------------------------------------------------------------------------------------------------------------------------------------------------------------------------------------------------------------------------------------------------------------------------------------------------------------+
; Board Trace Model Assignments                                                                                                                                                                                                                                                                                                                                                                                   ;
+--------------+--------------+-------------------+-------------------------+-------------------------+---------------+---------------------+----------------+------------------+--------+------------------+------------------------+------------------------+--------------+---------------+-----------------+-------+---------------------+--------------------+---------------+-----------------+-------------+
; Pin          ; I/O Standard ; Near Tline Length ; Near Tline L per Length ; Near Tline C per Length ; Near Series R ; Near Differential R ; Near Pull-up R ; Near Pull-down R ; Near C ; Far Tline Length ; Far Tline L per Length ; Far Tline C per Length ; Far Series R ; Far Pull-up R ; Far Pull-down R ; Far C ; Termination Voltage ; Far Differential R ; EBD File Name ; EBD Signal Name ; EBD Far-end ;
+--------------+--------------+-------------------+-------------------------+-------------------------+---------------+---------------------+----------------+------------------+--------+------------------+------------------------+------------------------+--------------+---------------+-----------------+-------+---------------------+--------------------+---------------+-----------------+-------------+
; Mout[6]      ; 2.5 V        ; 0 in              ; 0 H/in                  ; 0 F/in                  ; short         ; -                   ; open           ; open             ; open   ; 0 in             ; 0 H/in                 ; 0 F/in                 ; short        ; open          ; open            ; open  ; 0 V                 ; -                  ; n/a           ; n/a             ; n/a         ;
; Mout[5]      ; 2.5 V        ; 0 in              ; 0 H/in                  ; 0 F/in                  ; short         ; -                   ; open           ; open             ; open   ; 0 in             ; 0 H/in                 ; 0 F/in                 ; short        ; open          ; open            ; open  ; 0 V                 ; -                  ; n/a           ; n/a             ; n/a         ;
; Mout[4]      ; 2.5 V        ; 0 in              ; 0 H/in                  ; 0 F/in                  ; short         ; -                   ; open           ; open             ; open   ; 0 in             ; 0 H/in                 ; 0 F/in                 ; short        ; open          ; open            ; open  ; 0 V                 ; -                  ; n/a           ; n/a             ; n/a         ;
; Mout[3]      ; 2.5 V        ; 0 in              ; 0 H/in                  ; 0 F/in                  ; short         ; -                   ; open           ; open             ; open   ; 0 in             ; 0 H/in                 ; 0 F/in                 ; short        ; open          ; open            ; open  ; 0 V                 ; -                  ; n/a           ; n/a             ; n/a         ;
; Mout[2]      ; 2.5 V        ; 0 in              ; 0 H/in                  ; 0 F/in                  ; short         ; -                   ; open           ; open             ; open   ; 0 in             ; 0 H/in                 ; 0 F/in                 ; short        ; open          ; open            ; open  ; 0 V                 ; -                  ; n/a           ; n/a             ; n/a         ;
; Mout[1]      ; 2.5 V        ; 0 in              ; 0 H/in                  ; 0 F/in                  ; short         ; -                   ; open           ; open             ; open   ; 0 in             ; 0 H/in                 ; 0 F/in                 ; short        ; open          ; open            ; open  ; 0 V                 ; -                  ; n/a           ; n/a             ; n/a         ;
; Mout[0]      ; 2.5 V        ; 0 in              ; 0 H/in                  ; 0 F/in                  ; short         ; -                   ; open           ; open             ; open   ; 0 in             ; 0 H/in                 ; 0 F/in                 ; short        ; open          ; open            ; open  ; 0 V                 ; -                  ; n/a           ; n/a             ; n/a         ;
; Nout[6]      ; 2.5 V        ; 0 in              ; 0 H/in                  ; 0 F/in                  ; short         ; -                   ; open           ; open             ; open   ; 0 in             ; 0 H/in                 ; 0 F/in                 ; short        ; open          ; open            ; open  ; 0 V                 ; -                  ; n/a           ; n/a             ; n/a         ;
; Nout[5]      ; 2.5 V        ; 0 in              ; 0 H/in                  ; 0 F/in                  ; short         ; -                   ; open           ; open             ; open   ; 0 in             ; 0 H/in                 ; 0 F/in                 ; short        ; open          ; open            ; open  ; 0 V                 ; -                  ; n/a           ; n/a             ; n/a         ;
; Nout[4]      ; 2.5 V        ; 0 in              ; 0 H/in                  ; 0 F/in                  ; short         ; -                   ; open           ; open             ; open   ; 0 in             ; 0 H/in                 ; 0 F/in                 ; short        ; open          ; open            ; open  ; 0 V                 ; -                  ; n/a           ; n/a             ; n/a         ;
; Nout[3]      ; 2.5 V        ; 0 in              ; 0 H/in                  ; 0 F/in                  ; short         ; -                   ; open           ; open             ; open   ; 0 in             ; 0 H/in                 ; 0 F/in                 ; short        ; open          ; open            ; open  ; 0 V                 ; -                  ; n/a           ; n/a             ; n/a         ;
; Nout[2]      ; 2.5 V        ; 0 in              ; 0 H/in                  ; 0 F/in                  ; short         ; -                   ; open           ; open             ; open   ; 0 in             ; 0 H/in                 ; 0 F/in                 ; short        ; open          ; open            ; open  ; 0 V                 ; -                  ; n/a           ; n/a             ; n/a         ;
; Nout[1]      ; 2.5 V        ; 0 in              ; 0 H/in                  ; 0 F/in                  ; short         ; -                   ; open           ; open             ; open   ; 0 in             ; 0 H/in                 ; 0 F/in                 ; short        ; open          ; open            ; open  ; 0 V                 ; -                  ; n/a           ; n/a             ; n/a         ;
; Nout[0]      ; 2.5 V        ; 0 in              ; 0 H/in                  ; 0 F/in                  ; short         ; -                   ; open           ; open             ; open   ; 0 in             ; 0 H/in                 ; 0 F/in                 ; short        ; open          ; open            ; open  ; 0 V                 ; -                  ; n/a           ; n/a             ; n/a         ;
; Oout[6]      ; 2.5 V        ; 0 in              ; 0 H/in                  ; 0 F/in                  ; short         ; -                   ; open           ; open             ; open   ; 0 in             ; 0 H/in                 ; 0 F/in                 ; short        ; open          ; open            ; open  ; 0 V                 ; -                  ; n/a           ; n/a             ; n/a         ;
; Oout[5]      ; 2.5 V        ; 0 in              ; 0 H/in                  ; 0 F/in                  ; short         ; -                   ; open           ; open             ; open   ; 0 in             ; 0 H/in                 ; 0 F/in                 ; short        ; open          ; open            ; open  ; 0 V                 ; -                  ; n/a           ; n/a             ; n/a         ;
; Oout[4]      ; 2.5 V        ; 0 in              ; 0 H/in                  ; 0 F/in                  ; short         ; -                   ; open           ; open             ; open   ; 0 in             ; 0 H/in                 ; 0 F/in                 ; short        ; open          ; open            ; open  ; 0 V                 ; -                  ; n/a           ; n/a             ; n/a         ;
; Oout[3]      ; 2.5 V        ; 0 in              ; 0 H/in                  ; 0 F/in                  ; short         ; -                   ; open           ; open             ; open   ; 0 in             ; 0 H/in                 ; 0 F/in                 ; short        ; open          ; open            ; open  ; 0 V                 ; -                  ; n/a           ; n/a             ; n/a         ;
; Oout[2]      ; 2.5 V        ; 0 in              ; 0 H/in                  ; 0 F/in                  ; short         ; -                   ; open           ; open             ; open   ; 0 in             ; 0 H/in                 ; 0 F/in                 ; short        ; open          ; open            ; open  ; 0 V                 ; -                  ; n/a           ; n/a             ; n/a         ;
; Oout[1]      ; 2.5 V        ; 0 in              ; 0 H/in                  ; 0 F/in                  ; short         ; -                   ; open           ; open             ; open   ; 0 in             ; 0 H/in                 ; 0 F/in                 ; short        ; open          ; open            ; open  ; 0 V                 ; -                  ; n/a           ; n/a             ; n/a         ;
; Oout[0]      ; 2.5 V        ; 0 in              ; 0 H/in                  ; 0 F/in                  ; short         ; -                   ; open           ; open             ; open   ; 0 in             ; 0 H/in                 ; 0 F/in                 ; short        ; open          ; open            ; open  ; 0 V                 ; -                  ; n/a           ; n/a             ; n/a         ;
; Pout[6]      ; 2.5 V        ; 0 in              ; 0 H/in                  ; 0 F/in                  ; short         ; -                   ; open           ; open             ; open   ; 0 in             ; 0 H/in                 ; 0 F/in                 ; short        ; open          ; open            ; open  ; 0 V                 ; -                  ; n/a           ; n/a             ; n/a         ;
; Pout[5]      ; 2.5 V        ; 0 in              ; 0 H/in                  ; 0 F/in                  ; short         ; -                   ; open           ; open             ; open   ; 0 in             ; 0 H/in                 ; 0 F/in                 ; short        ; open          ; open            ; open  ; 0 V                 ; -                  ; n/a           ; n/a             ; n/a         ;
; Pout[4]      ; 2.5 V        ; 0 in              ; 0 H/in                  ; 0 F/in                  ; short         ; -                   ; open           ; open             ; open   ; 0 in             ; 0 H/in                 ; 0 F/in                 ; short        ; open          ; open            ; open  ; 0 V                 ; -                  ; n/a           ; n/a             ; n/a         ;
; Pout[3]      ; 2.5 V        ; 0 in              ; 0 H/in                  ; 0 F/in                  ; short         ; -                   ; open           ; open             ; open   ; 0 in             ; 0 H/in                 ; 0 F/in                 ; short        ; open          ; open            ; open  ; 0 V                 ; -                  ; n/a           ; n/a             ; n/a         ;
; Pout[2]      ; 2.5 V        ; 0 in              ; 0 H/in                  ; 0 F/in                  ; short         ; -                   ; open           ; open             ; open   ; 0 in             ; 0 H/in                 ; 0 F/in                 ; short        ; open          ; open            ; open  ; 0 V                 ; -                  ; n/a           ; n/a             ; n/a         ;
; Pout[1]      ; 2.5 V        ; 0 in              ; 0 H/in                  ; 0 F/in                  ; short         ; -                   ; open           ; open             ; open   ; 0 in             ; 0 H/in                 ; 0 F/in                 ; short        ; open          ; open            ; open  ; 0 V                 ; -                  ; n/a           ; n/a             ; n/a         ;
; Pout[0]      ; 2.5 V        ; 0 in              ; 0 H/in                  ; 0 F/in                  ; short         ; -                   ; open           ; open             ; open   ; 0 in             ; 0 H/in                 ; 0 F/in                 ; short        ; open          ; open            ; open  ; 0 V                 ; -                  ; n/a           ; n/a             ; n/a         ;
; Qout[6]      ; 2.5 V        ; 0 in              ; 0 H/in                  ; 0 F/in                  ; short         ; -                   ; open           ; open             ; open   ; 0 in             ; 0 H/in                 ; 0 F/in                 ; short        ; open          ; open            ; open  ; 0 V                 ; -                  ; n/a           ; n/a             ; n/a         ;
; Qout[5]      ; 2.5 V        ; 0 in              ; 0 H/in                  ; 0 F/in                  ; short         ; -                   ; open           ; open             ; open   ; 0 in             ; 0 H/in                 ; 0 F/in                 ; short        ; open          ; open            ; open  ; 0 V                 ; -                  ; n/a           ; n/a             ; n/a         ;
; Qout[4]      ; 2.5 V        ; 0 in              ; 0 H/in                  ; 0 F/in                  ; short         ; -                   ; open           ; open             ; open   ; 0 in             ; 0 H/in                 ; 0 F/in                 ; short        ; open          ; open            ; open  ; 0 V                 ; -                  ; n/a           ; n/a             ; n/a         ;
; Qout[3]      ; 2.5 V        ; 0 in              ; 0 H/in                  ; 0 F/in                  ; short         ; -                   ; open           ; open             ; open   ; 0 in             ; 0 H/in                 ; 0 F/in                 ; short        ; open          ; open            ; open  ; 0 V                 ; -                  ; n/a           ; n/a             ; n/a         ;
; Qout[2]      ; 2.5 V        ; 0 in              ; 0 H/in                  ; 0 F/in                  ; short         ; -                   ; open           ; open             ; open   ; 0 in             ; 0 H/in                 ; 0 F/in                 ; short        ; open          ; open            ; open  ; 0 V                 ; -                  ; n/a           ; n/a             ; n/a         ;
; Qout[1]      ; 2.5 V        ; 0 in              ; 0 H/in                  ; 0 F/in                  ; short         ; -                   ; open           ; open             ; open   ; 0 in             ; 0 H/in                 ; 0 F/in                 ; short        ; open          ; open            ; open  ; 0 V                 ; -                  ; n/a           ; n/a             ; n/a         ;
; Qout[0]      ; 2.5 V        ; 0 in              ; 0 H/in                  ; 0 F/in                  ; short         ; -                   ; open           ; open             ; open   ; 0 in             ; 0 H/in                 ; 0 F/in                 ; short        ; open          ; open            ; open  ; 0 V                 ; -                  ; n/a           ; n/a             ; n/a         ;
; Rout[6]      ; 2.5 V        ; 0 in              ; 0 H/in                  ; 0 F/in                  ; short         ; -                   ; open           ; open             ; open   ; 0 in             ; 0 H/in                 ; 0 F/in                 ; short        ; open          ; open            ; open  ; 0 V                 ; -                  ; n/a           ; n/a             ; n/a         ;
; Rout[5]      ; 2.5 V        ; 0 in              ; 0 H/in                  ; 0 F/in                  ; short         ; -                   ; open           ; open             ; open   ; 0 in             ; 0 H/in                 ; 0 F/in                 ; short        ; open          ; open            ; open  ; 0 V                 ; -                  ; n/a           ; n/a             ; n/a         ;
; Rout[4]      ; 2.5 V        ; 0 in              ; 0 H/in                  ; 0 F/in                  ; short         ; -                   ; open           ; open             ; open   ; 0 in             ; 0 H/in                 ; 0 F/in                 ; short        ; open          ; open            ; open  ; 0 V                 ; -                  ; n/a           ; n/a             ; n/a         ;
; Rout[3]      ; 2.5 V        ; 0 in              ; 0 H/in                  ; 0 F/in                  ; short         ; -                   ; open           ; open             ; open   ; 0 in             ; 0 H/in                 ; 0 F/in                 ; short        ; open          ; open            ; open  ; 0 V                 ; -                  ; n/a           ; n/a             ; n/a         ;
; Rout[2]      ; 2.5 V        ; 0 in              ; 0 H/in                  ; 0 F/in                  ; short         ; -                   ; open           ; open             ; open   ; 0 in             ; 0 H/in                 ; 0 F/in                 ; short        ; open          ; open            ; open  ; 0 V                 ; -                  ; n/a           ; n/a             ; n/a         ;
; Rout[1]      ; 2.5 V        ; 0 in              ; 0 H/in                  ; 0 F/in                  ; short         ; -                   ; open           ; open             ; open   ; 0 in             ; 0 H/in                 ; 0 F/in                 ; short        ; open          ; open            ; open  ; 0 V                 ; -                  ; n/a           ; n/a             ; n/a         ;
; Rout[0]      ; 2.5 V        ; 0 in              ; 0 H/in                  ; 0 F/in                  ; short         ; -                   ; open           ; open             ; open   ; 0 in             ; 0 H/in                 ; 0 F/in                 ; short        ; open          ; open            ; open  ; 0 V                 ; -                  ; n/a           ; n/a             ; n/a         ;
; alarm        ; 2.5 V        ; 0 in              ; 0 H/in                  ; 0 F/in                  ; short         ; -                   ; open           ; open             ; open   ; 0 in             ; 0 H/in                 ; 0 F/in                 ; short        ; open          ; open            ; open  ; 0 V                 ; -                  ; n/a           ; n/a             ; n/a         ;
; setAlarmLED  ; 2.5 V        ; 0 in              ; 0 H/in                  ; 0 F/in                  ; short         ; -                   ; open           ; open             ; open   ; 0 in             ; 0 H/in                 ; 0 F/in                 ; short        ; open          ; open            ; open  ; 0 V                 ; -                  ; n/a           ; n/a             ; n/a         ;
; ~ALTERA_TDO~ ; 2.5 V        ; 0 in              ; 0 H/in                  ; 0 F/in                  ; short         ; -                   ; open           ; open             ; open   ; 0 in             ; 0 H/in                 ; 0 F/in                 ; short        ; open          ; open            ; open  ; 0 V                 ; -                  ; n/a           ; n/a             ; n/a         ;
+--------------+--------------+-------------------+-------------------------+-------------------------+---------------+---------------------+----------------+------------------+--------+------------------+------------------------+------------------------+--------------+---------------+-----------------+-------+---------------------+--------------------+---------------+-----------------+-------------+


+---------------------------------------------------------------------------------+
; Input Transition Times                                                          ;
+---------------------+-----------------------+-----------------+-----------------+
; Pin                 ; I/O Standard          ; 10-90 Rise Time ; 90-10 Fall Time ;
+---------------------+-----------------------+-----------------+-----------------+
; alarmMode           ; 2.5 V                 ; 2000 ps         ; 2000 ps         ;
; setAlarm            ; 2.5 V                 ; 2000 ps         ; 2000 ps         ;
; reset               ; 2.5 V                 ; 2000 ps         ; 2000 ps         ;
; setHour             ; 2.5 V                 ; 2000 ps         ; 2000 ps         ;
; setMin              ; 2.5 V                 ; 2000 ps         ; 2000 ps         ;
; setSec              ; 2.5 V                 ; 2000 ps         ; 2000 ps         ;
; clock               ; 2.5 V                 ; 2000 ps         ; 2000 ps         ;
; StartStop           ; 2.5 V                 ; 2000 ps         ; 2000 ps         ;
; ~ALTERA_TMS~        ; 2.5 V Schmitt Trigger ; 2000 ps         ; 2000 ps         ;
; ~ALTERA_TCK~        ; 2.5 V Schmitt Trigger ; 2000 ps         ; 2000 ps         ;
; ~ALTERA_TDI~        ; 2.5 V Schmitt Trigger ; 2000 ps         ; 2000 ps         ;
; ~ALTERA_CONFIG_SEL~ ; 2.5 V                 ; 2000 ps         ; 2000 ps         ;
; ~ALTERA_nCONFIG~    ; 2.5 V Schmitt Trigger ; 2000 ps         ; 2000 ps         ;
; ~ALTERA_nSTATUS~    ; 2.5 V Schmitt Trigger ; 2000 ps         ; 2000 ps         ;
; ~ALTERA_CONF_DONE~  ; 2.5 V Schmitt Trigger ; 2000 ps         ; 2000 ps         ;
+---------------------+-----------------------+-----------------+-----------------+


+-------------------------------------------------------------------------------------------------------------------------------------------------------------------------------------------------------------------------------------------------------------------------------------------------------------------------------------------------------------------------------------------------------------------------------------------------------------------------------------------------------------------------------------------------------------------------------------------------------------------------------------------------------------------------------------------+
; Signal Integrity Metrics (Slow 1200mv 0c Model)                                                                                                                                                                                                                                                                                                                                                                                                                                                                                                                                                                                                                                           ;
+--------------+--------------+---------------------+---------------------+------------------------------+------------------------------+---------------------+---------------------+--------------------------------------+--------------------------------------+-----------------------------+-----------------------------+----------------------------+----------------------------+-----------------------------+-----------------------------+--------------------+--------------------+-------------------------------------+-------------------------------------+----------------------------+----------------------------+---------------------------+---------------------------+
; Pin          ; I/O Standard ; Board Delay on Rise ; Board Delay on Fall ; Steady State Voh at FPGA Pin ; Steady State Vol at FPGA Pin ; Voh Max at FPGA Pin ; Vol Min at FPGA Pin ; Ringback Voltage on Rise at FPGA Pin ; Ringback Voltage on Fall at FPGA Pin ; 10-90 Rise Time at FPGA Pin ; 90-10 Fall Time at FPGA Pin ; Monotonic Rise at FPGA Pin ; Monotonic Fall at FPGA Pin ; Steady State Voh at Far-end ; Steady State Vol at Far-end ; Voh Max at Far-end ; Vol Min at Far-end ; Ringback Voltage on Rise at Far-end ; Ringback Voltage on Fall at Far-end ; 10-90 Rise Time at Far-end ; 90-10 Fall Time at Far-end ; Monotonic Rise at Far-end ; Monotonic Fall at Far-end ;
+--------------+--------------+---------------------+---------------------+------------------------------+------------------------------+---------------------+---------------------+--------------------------------------+--------------------------------------+-----------------------------+-----------------------------+----------------------------+----------------------------+-----------------------------+-----------------------------+--------------------+--------------------+-------------------------------------+-------------------------------------+----------------------------+----------------------------+---------------------------+---------------------------+
; Mout[6]      ; 2.5 V        ; 0 s                 ; 0 s                 ; 2.32 V                       ; 8.25e-09 V                   ; 2.41 V              ; -0.0859 V           ; 0.289 V                              ; 0.136 V                              ; 3.15e-10 s                  ; 4.16e-10 s                  ; No                         ; Yes                        ; 2.32 V                      ; 8.25e-09 V                  ; 2.41 V             ; -0.0859 V          ; 0.289 V                             ; 0.136 V                             ; 3.15e-10 s                 ; 4.16e-10 s                 ; No                        ; Yes                       ;
; Mout[5]      ; 2.5 V        ; 0 s                 ; 0 s                 ; 2.32 V                       ; 8.25e-09 V                   ; 2.41 V              ; -0.0859 V           ; 0.289 V                              ; 0.136 V                              ; 3.15e-10 s                  ; 4.16e-10 s                  ; No                         ; Yes                        ; 2.32 V                      ; 8.25e-09 V                  ; 2.41 V             ; -0.0859 V          ; 0.289 V                             ; 0.136 V                             ; 3.15e-10 s                 ; 4.16e-10 s                 ; No                        ; Yes                       ;
; Mout[4]      ; 2.5 V        ; 0 s                 ; 0 s                 ; 2.32 V                       ; 8.25e-09 V                   ; 2.41 V              ; -0.0871 V           ; 0.291 V                              ; 0.138 V                              ; 3.15e-10 s                  ; 4.16e-10 s                  ; No                         ; Yes                        ; 2.32 V                      ; 8.25e-09 V                  ; 2.41 V             ; -0.0871 V          ; 0.291 V                             ; 0.138 V                             ; 3.15e-10 s                 ; 4.16e-10 s                 ; No                        ; Yes                       ;
; Mout[3]      ; 2.5 V        ; 0 s                 ; 0 s                 ; 2.32 V                       ; 8.25e-09 V                   ; 2.41 V              ; -0.0871 V           ; 0.291 V                              ; 0.138 V                              ; 3.15e-10 s                  ; 4.16e-10 s                  ; No                         ; Yes                        ; 2.32 V                      ; 8.25e-09 V                  ; 2.41 V             ; -0.0871 V          ; 0.291 V                             ; 0.138 V                             ; 3.15e-10 s                 ; 4.16e-10 s                 ; No                        ; Yes                       ;
; Mout[2]      ; 2.5 V        ; 0 s                 ; 0 s                 ; 2.32 V                       ; 8.25e-09 V                   ; 2.41 V              ; -0.0859 V           ; 0.289 V                              ; 0.136 V                              ; 3.15e-10 s                  ; 4.16e-10 s                  ; No                         ; Yes                        ; 2.32 V                      ; 8.25e-09 V                  ; 2.41 V             ; -0.0859 V          ; 0.289 V                             ; 0.136 V                             ; 3.15e-10 s                 ; 4.16e-10 s                 ; No                        ; Yes                       ;
; Mout[1]      ; 2.5 V        ; 0 s                 ; 0 s                 ; 2.32 V                       ; 8.25e-09 V                   ; 2.41 V              ; -0.0859 V           ; 0.289 V                              ; 0.136 V                              ; 3.15e-10 s                  ; 4.16e-10 s                  ; No                         ; Yes                        ; 2.32 V                      ; 8.25e-09 V                  ; 2.41 V             ; -0.0859 V          ; 0.289 V                             ; 0.136 V                             ; 3.15e-10 s                 ; 4.16e-10 s                 ; No                        ; Yes                       ;
; Mout[0]      ; 2.5 V        ; 0 s                 ; 0 s                 ; 2.32 V                       ; 8.25e-09 V                   ; 2.41 V              ; -0.0871 V           ; 0.291 V                              ; 0.138 V                              ; 3.15e-10 s                  ; 4.16e-10 s                  ; No                         ; Yes                        ; 2.32 V                      ; 8.25e-09 V                  ; 2.41 V             ; -0.0871 V          ; 0.291 V                             ; 0.138 V                             ; 3.15e-10 s                 ; 4.16e-10 s                 ; No                        ; Yes                       ;
; Nout[6]      ; 2.5 V        ; 0 s                 ; 0 s                 ; 2.32 V                       ; 8.25e-09 V                   ; 2.41 V              ; -0.0859 V           ; 0.289 V                              ; 0.136 V                              ; 3.15e-10 s                  ; 4.16e-10 s                  ; No                         ; Yes                        ; 2.32 V                      ; 8.25e-09 V                  ; 2.41 V             ; -0.0859 V          ; 0.289 V                             ; 0.136 V                             ; 3.15e-10 s                 ; 4.16e-10 s                 ; No                        ; Yes                       ;
; Nout[5]      ; 2.5 V        ; 0 s                 ; 0 s                 ; 2.32 V                       ; 8.25e-09 V                   ; 2.41 V              ; -0.0871 V           ; 0.291 V                              ; 0.138 V                              ; 3.15e-10 s                  ; 4.16e-10 s                  ; No                         ; Yes                        ; 2.32 V                      ; 8.25e-09 V                  ; 2.41 V             ; -0.0871 V          ; 0.291 V                             ; 0.138 V                             ; 3.15e-10 s                 ; 4.16e-10 s                 ; No                        ; Yes                       ;
; Nout[4]      ; 2.5 V        ; 0 s                 ; 0 s                 ; 2.32 V                       ; 8.25e-09 V                   ; 2.41 V              ; -0.0871 V           ; 0.291 V                              ; 0.138 V                              ; 3.15e-10 s                  ; 4.16e-10 s                  ; No                         ; Yes                        ; 2.32 V                      ; 8.25e-09 V                  ; 2.41 V             ; -0.0871 V          ; 0.291 V                             ; 0.138 V                             ; 3.15e-10 s                 ; 4.16e-10 s                 ; No                        ; Yes                       ;
; Nout[3]      ; 2.5 V        ; 0 s                 ; 0 s                 ; 2.32 V                       ; 8.25e-09 V                   ; 2.41 V              ; -0.0859 V           ; 0.289 V                              ; 0.136 V                              ; 3.15e-10 s                  ; 4.16e-10 s                  ; No                         ; Yes                        ; 2.32 V                      ; 8.25e-09 V                  ; 2.41 V             ; -0.0859 V          ; 0.289 V                             ; 0.136 V                             ; 3.15e-10 s                 ; 4.16e-10 s                 ; No                        ; Yes                       ;
; Nout[2]      ; 2.5 V        ; 0 s                 ; 0 s                 ; 2.32 V                       ; 8.25e-09 V                   ; 2.41 V              ; -0.0871 V           ; 0.291 V                              ; 0.138 V                              ; 3.15e-10 s                  ; 4.16e-10 s                  ; No                         ; Yes                        ; 2.32 V                      ; 8.25e-09 V                  ; 2.41 V             ; -0.0871 V          ; 0.291 V                             ; 0.138 V                             ; 3.15e-10 s                 ; 4.16e-10 s                 ; No                        ; Yes                       ;
; Nout[1]      ; 2.5 V        ; 0 s                 ; 0 s                 ; 2.32 V                       ; 8.25e-09 V                   ; 2.41 V              ; -0.0859 V           ; 0.289 V                              ; 0.136 V                              ; 3.15e-10 s                  ; 4.16e-10 s                  ; No                         ; Yes                        ; 2.32 V                      ; 8.25e-09 V                  ; 2.41 V             ; -0.0859 V          ; 0.289 V                             ; 0.136 V                             ; 3.15e-10 s                 ; 4.16e-10 s                 ; No                        ; Yes                       ;
; Nout[0]      ; 2.5 V        ; 0 s                 ; 0 s                 ; 2.32 V                       ; 8.25e-09 V                   ; 2.41 V              ; -0.0859 V           ; 0.289 V                              ; 0.136 V                              ; 3.15e-10 s                  ; 4.16e-10 s                  ; No                         ; Yes                        ; 2.32 V                      ; 8.25e-09 V                  ; 2.41 V             ; -0.0859 V          ; 0.289 V                             ; 0.136 V                             ; 3.15e-10 s                 ; 4.16e-10 s                 ; No                        ; Yes                       ;
; Oout[6]      ; 2.5 V        ; 0 s                 ; 0 s                 ; 2.32 V                       ; 8.25e-09 V                   ; 2.41 V              ; -0.0859 V           ; 0.289 V                              ; 0.136 V                              ; 3.15e-10 s                  ; 4.16e-10 s                  ; No                         ; Yes                        ; 2.32 V                      ; 8.25e-09 V                  ; 2.41 V             ; -0.0859 V          ; 0.289 V                             ; 0.136 V                             ; 3.15e-10 s                 ; 4.16e-10 s                 ; No                        ; Yes                       ;
; Oout[5]      ; 2.5 V        ; 0 s                 ; 0 s                 ; 2.32 V                       ; 8.25e-09 V                   ; 2.41 V              ; -0.0859 V           ; 0.289 V                              ; 0.136 V                              ; 3.15e-10 s                  ; 4.16e-10 s                  ; No                         ; Yes                        ; 2.32 V                      ; 8.25e-09 V                  ; 2.41 V             ; -0.0859 V          ; 0.289 V                             ; 0.136 V                             ; 3.15e-10 s                 ; 4.16e-10 s                 ; No                        ; Yes                       ;
; Oout[4]      ; 2.5 V        ; 0 s                 ; 0 s                 ; 2.32 V                       ; 8.25e-09 V                   ; 2.41 V              ; -0.0871 V           ; 0.291 V                              ; 0.138 V                              ; 3.15e-10 s                  ; 4.16e-10 s                  ; No                         ; Yes                        ; 2.32 V                      ; 8.25e-09 V                  ; 2.41 V             ; -0.0871 V          ; 0.291 V                             ; 0.138 V                             ; 3.15e-10 s                 ; 4.16e-10 s                 ; No                        ; Yes                       ;
; Oout[3]      ; 2.5 V        ; 0 s                 ; 0 s                 ; 2.32 V                       ; 8.25e-09 V                   ; 2.41 V              ; -0.0871 V           ; 0.291 V                              ; 0.138 V                              ; 3.15e-10 s                  ; 4.16e-10 s                  ; No                         ; Yes                        ; 2.32 V                      ; 8.25e-09 V                  ; 2.41 V             ; -0.0871 V          ; 0.291 V                             ; 0.138 V                             ; 3.15e-10 s                 ; 4.16e-10 s                 ; No                        ; Yes                       ;
; Oout[2]      ; 2.5 V        ; 0 s                 ; 0 s                 ; 2.32 V                       ; 8.25e-09 V                   ; 2.41 V              ; -0.0859 V           ; 0.289 V                              ; 0.136 V                              ; 3.15e-10 s                  ; 4.16e-10 s                  ; No                         ; Yes                        ; 2.32 V                      ; 8.25e-09 V                  ; 2.41 V             ; -0.0859 V          ; 0.289 V                             ; 0.136 V                             ; 3.15e-10 s                 ; 4.16e-10 s                 ; No                        ; Yes                       ;
; Oout[1]      ; 2.5 V        ; 0 s                 ; 0 s                 ; 2.32 V                       ; 8.25e-09 V                   ; 2.41 V              ; -0.0871 V           ; 0.291 V                              ; 0.138 V                              ; 3.15e-10 s                  ; 4.16e-10 s                  ; No                         ; Yes                        ; 2.32 V                      ; 8.25e-09 V                  ; 2.41 V             ; -0.0871 V          ; 0.291 V                             ; 0.138 V                             ; 3.15e-10 s                 ; 4.16e-10 s                 ; No                        ; Yes                       ;
; Oout[0]      ; 2.5 V        ; 0 s                 ; 0 s                 ; 2.32 V                       ; 8.25e-09 V                   ; 2.41 V              ; -0.0871 V           ; 0.291 V                              ; 0.138 V                              ; 3.15e-10 s                  ; 4.16e-10 s                  ; No                         ; Yes                        ; 2.32 V                      ; 8.25e-09 V                  ; 2.41 V             ; -0.0871 V          ; 0.291 V                             ; 0.138 V                             ; 3.15e-10 s                 ; 4.16e-10 s                 ; No                        ; Yes                       ;
; Pout[6]      ; 2.5 V        ; 0 s                 ; 0 s                 ; 2.32 V                       ; 8.25e-09 V                   ; 2.41 V              ; -0.0871 V           ; 0.291 V                              ; 0.138 V                              ; 3.15e-10 s                  ; 4.16e-10 s                  ; No                         ; Yes                        ; 2.32 V                      ; 8.25e-09 V                  ; 2.41 V             ; -0.0871 V          ; 0.291 V                             ; 0.138 V                             ; 3.15e-10 s                 ; 4.16e-10 s                 ; No                        ; Yes                       ;
; Pout[5]      ; 2.5 V        ; 0 s                 ; 0 s                 ; 2.32 V                       ; 8.25e-09 V                   ; 2.41 V              ; -0.0859 V           ; 0.289 V                              ; 0.136 V                              ; 3.15e-10 s                  ; 4.16e-10 s                  ; No                         ; Yes                        ; 2.32 V                      ; 8.25e-09 V                  ; 2.41 V             ; -0.0859 V          ; 0.289 V                             ; 0.136 V                             ; 3.15e-10 s                 ; 4.16e-10 s                 ; No                        ; Yes                       ;
; Pout[4]      ; 2.5 V        ; 0 s                 ; 0 s                 ; 2.32 V                       ; 8.25e-09 V                   ; 2.41 V              ; -0.0859 V           ; 0.289 V                              ; 0.136 V                              ; 3.15e-10 s                  ; 4.16e-10 s                  ; No                         ; Yes                        ; 2.32 V                      ; 8.25e-09 V                  ; 2.41 V             ; -0.0859 V          ; 0.289 V                             ; 0.136 V                             ; 3.15e-10 s                 ; 4.16e-10 s                 ; No                        ; Yes                       ;
; Pout[3]      ; 2.5 V        ; 0 s                 ; 0 s                 ; 2.32 V                       ; 8.25e-09 V                   ; 2.41 V              ; -0.0859 V           ; 0.289 V                              ; 0.136 V                              ; 3.15e-10 s                  ; 4.16e-10 s                  ; No                         ; Yes                        ; 2.32 V                      ; 8.25e-09 V                  ; 2.41 V             ; -0.0859 V          ; 0.289 V                             ; 0.136 V                             ; 3.15e-10 s                 ; 4.16e-10 s                 ; No                        ; Yes                       ;
; Pout[2]      ; 2.5 V        ; 0 s                 ; 0 s                 ; 2.32 V                       ; 8.25e-09 V                   ; 2.41 V              ; -0.0859 V           ; 0.289 V                              ; 0.136 V                              ; 3.15e-10 s                  ; 4.16e-10 s                  ; No                         ; Yes                        ; 2.32 V                      ; 8.25e-09 V                  ; 2.41 V             ; -0.0859 V          ; 0.289 V                             ; 0.136 V                             ; 3.15e-10 s                 ; 4.16e-10 s                 ; No                        ; Yes                       ;
; Pout[1]      ; 2.5 V        ; 0 s                 ; 0 s                 ; 2.32 V                       ; 8.25e-09 V                   ; 2.41 V              ; -0.0871 V           ; 0.291 V                              ; 0.138 V                              ; 3.15e-10 s                  ; 4.16e-10 s                  ; No                         ; Yes                        ; 2.32 V                      ; 8.25e-09 V                  ; 2.41 V             ; -0.0871 V          ; 0.291 V                             ; 0.138 V                             ; 3.15e-10 s                 ; 4.16e-10 s                 ; No                        ; Yes                       ;
; Pout[0]      ; 2.5 V        ; 0 s                 ; 0 s                 ; 2.32 V                       ; 8.25e-09 V                   ; 2.41 V              ; -0.0871 V           ; 0.291 V                              ; 0.138 V                              ; 3.15e-10 s                  ; 4.16e-10 s                  ; No                         ; Yes                        ; 2.32 V                      ; 8.25e-09 V                  ; 2.41 V             ; -0.0871 V          ; 0.291 V                             ; 0.138 V                             ; 3.15e-10 s                 ; 4.16e-10 s                 ; No                        ; Yes                       ;
; Qout[6]      ; 2.5 V        ; 0 s                 ; 0 s                 ; 2.32 V                       ; 8.25e-09 V                   ; 2.41 V              ; -0.0859 V           ; 0.289 V                              ; 0.136 V                              ; 3.15e-10 s                  ; 4.16e-10 s                  ; No                         ; Yes                        ; 2.32 V                      ; 8.25e-09 V                  ; 2.41 V             ; -0.0859 V          ; 0.289 V                             ; 0.136 V                             ; 3.15e-10 s                 ; 4.16e-10 s                 ; No                        ; Yes                       ;
; Qout[5]      ; 2.5 V        ; 0 s                 ; 0 s                 ; 2.32 V                       ; 8.25e-09 V                   ; 2.41 V              ; -0.0871 V           ; 0.291 V                              ; 0.138 V                              ; 3.15e-10 s                  ; 4.16e-10 s                  ; No                         ; Yes                        ; 2.32 V                      ; 8.25e-09 V                  ; 2.41 V             ; -0.0871 V          ; 0.291 V                             ; 0.138 V                             ; 3.15e-10 s                 ; 4.16e-10 s                 ; No                        ; Yes                       ;
; Qout[4]      ; 2.5 V        ; 0 s                 ; 0 s                 ; 2.32 V                       ; 8.25e-09 V                   ; 2.41 V              ; -0.0859 V           ; 0.289 V                              ; 0.136 V                              ; 3.15e-10 s                  ; 4.16e-10 s                  ; No                         ; Yes                        ; 2.32 V                      ; 8.25e-09 V                  ; 2.41 V             ; -0.0859 V          ; 0.289 V                             ; 0.136 V                             ; 3.15e-10 s                 ; 4.16e-10 s                 ; No                        ; Yes                       ;
; Qout[3]      ; 2.5 V        ; 0 s                 ; 0 s                 ; 2.32 V                       ; 8.25e-09 V                   ; 2.41 V              ; -0.0871 V           ; 0.291 V                              ; 0.138 V                              ; 3.15e-10 s                  ; 4.16e-10 s                  ; No                         ; Yes                        ; 2.32 V                      ; 8.25e-09 V                  ; 2.41 V             ; -0.0871 V          ; 0.291 V                             ; 0.138 V                             ; 3.15e-10 s                 ; 4.16e-10 s                 ; No                        ; Yes                       ;
; Qout[2]      ; 2.5 V        ; 0 s                 ; 0 s                 ; 2.32 V                       ; 8.25e-09 V                   ; 2.41 V              ; -0.0859 V           ; 0.289 V                              ; 0.136 V                              ; 3.15e-10 s                  ; 4.16e-10 s                  ; No                         ; Yes                        ; 2.32 V                      ; 8.25e-09 V                  ; 2.41 V             ; -0.0859 V          ; 0.289 V                             ; 0.136 V                             ; 3.15e-10 s                 ; 4.16e-10 s                 ; No                        ; Yes                       ;
; Qout[1]      ; 2.5 V        ; 0 s                 ; 0 s                 ; 2.32 V                       ; 8.25e-09 V                   ; 2.41 V              ; -0.0871 V           ; 0.291 V                              ; 0.138 V                              ; 3.15e-10 s                  ; 4.16e-10 s                  ; No                         ; Yes                        ; 2.32 V                      ; 8.25e-09 V                  ; 2.41 V             ; -0.0871 V          ; 0.291 V                             ; 0.138 V                             ; 3.15e-10 s                 ; 4.16e-10 s                 ; No                        ; Yes                       ;
; Qout[0]      ; 2.5 V        ; 0 s                 ; 0 s                 ; 2.32 V                       ; 8.25e-09 V                   ; 2.41 V              ; -0.0871 V           ; 0.291 V                              ; 0.138 V                              ; 3.15e-10 s                  ; 4.16e-10 s                  ; No                         ; Yes                        ; 2.32 V                      ; 8.25e-09 V                  ; 2.41 V             ; -0.0871 V          ; 0.291 V                             ; 0.138 V                             ; 3.15e-10 s                 ; 4.16e-10 s                 ; No                        ; Yes                       ;
; Rout[6]      ; 2.5 V        ; 0 s                 ; 0 s                 ; 2.32 V                       ; 8.25e-09 V                   ; 2.41 V              ; -0.0859 V           ; 0.289 V                              ; 0.136 V                              ; 3.15e-10 s                  ; 4.16e-10 s                  ; No                         ; Yes                        ; 2.32 V                      ; 8.25e-09 V                  ; 2.41 V             ; -0.0859 V          ; 0.289 V                             ; 0.136 V                             ; 3.15e-10 s                 ; 4.16e-10 s                 ; No                        ; Yes                       ;
; Rout[5]      ; 2.5 V        ; 0 s                 ; 0 s                 ; 2.32 V                       ; 8.25e-09 V                   ; 2.41 V              ; -0.0871 V           ; 0.291 V                              ; 0.138 V                              ; 3.15e-10 s                  ; 4.16e-10 s                  ; No                         ; Yes                        ; 2.32 V                      ; 8.25e-09 V                  ; 2.41 V             ; -0.0871 V          ; 0.291 V                             ; 0.138 V                             ; 3.15e-10 s                 ; 4.16e-10 s                 ; No                        ; Yes                       ;
; Rout[4]      ; 2.5 V        ; 0 s                 ; 0 s                 ; 2.32 V                       ; 8.25e-09 V                   ; 2.41 V              ; -0.0871 V           ; 0.291 V                              ; 0.138 V                              ; 3.15e-10 s                  ; 4.16e-10 s                  ; No                         ; Yes                        ; 2.32 V                      ; 8.25e-09 V                  ; 2.41 V             ; -0.0871 V          ; 0.291 V                             ; 0.138 V                             ; 3.15e-10 s                 ; 4.16e-10 s                 ; No                        ; Yes                       ;
; Rout[3]      ; 2.5 V        ; 0 s                 ; 0 s                 ; 2.32 V                       ; 8.25e-09 V                   ; 2.41 V              ; -0.0871 V           ; 0.291 V                              ; 0.138 V                              ; 3.15e-10 s                  ; 4.16e-10 s                  ; No                         ; Yes                        ; 2.32 V                      ; 8.25e-09 V                  ; 2.41 V             ; -0.0871 V          ; 0.291 V                             ; 0.138 V                             ; 3.15e-10 s                 ; 4.16e-10 s                 ; No                        ; Yes                       ;
; Rout[2]      ; 2.5 V        ; 0 s                 ; 0 s                 ; 2.32 V                       ; 8.25e-09 V                   ; 2.41 V              ; -0.0859 V           ; 0.289 V                              ; 0.136 V                              ; 3.15e-10 s                  ; 4.16e-10 s                  ; No                         ; Yes                        ; 2.32 V                      ; 8.25e-09 V                  ; 2.41 V             ; -0.0859 V          ; 0.289 V                             ; 0.136 V                             ; 3.15e-10 s                 ; 4.16e-10 s                 ; No                        ; Yes                       ;
; Rout[1]      ; 2.5 V        ; 0 s                 ; 0 s                 ; 2.32 V                       ; 8.25e-09 V                   ; 2.41 V              ; -0.0859 V           ; 0.289 V                              ; 0.136 V                              ; 3.15e-10 s                  ; 4.16e-10 s                  ; No                         ; Yes                        ; 2.32 V                      ; 8.25e-09 V                  ; 2.41 V             ; -0.0859 V          ; 0.289 V                             ; 0.136 V                             ; 3.15e-10 s                 ; 4.16e-10 s                 ; No                        ; Yes                       ;
; Rout[0]      ; 2.5 V        ; 0 s                 ; 0 s                 ; 2.32 V                       ; 8.25e-09 V                   ; 2.41 V              ; -0.0871 V           ; 0.291 V                              ; 0.138 V                              ; 3.15e-10 s                  ; 4.16e-10 s                  ; No                         ; Yes                        ; 2.32 V                      ; 8.25e-09 V                  ; 2.41 V             ; -0.0871 V          ; 0.291 V                             ; 0.138 V                             ; 3.15e-10 s                 ; 4.16e-10 s                 ; No                        ; Yes                       ;
; alarm        ; 2.5 V        ; 0 s                 ; 0 s                 ; 2.32 V                       ; 8.25e-09 V                   ; 2.41 V              ; -0.0871 V           ; 0.291 V                              ; 0.138 V                              ; 3.15e-10 s                  ; 4.16e-10 s                  ; No                         ; Yes                        ; 2.32 V                      ; 8.25e-09 V                  ; 2.41 V             ; -0.0871 V          ; 0.291 V                             ; 0.138 V                             ; 3.15e-10 s                 ; 4.16e-10 s                 ; No                        ; Yes                       ;
; setAlarmLED  ; 2.5 V        ; 0 s                 ; 0 s                 ; 2.32 V                       ; 8.25e-09 V                   ; 2.41 V              ; -0.0859 V           ; 0.289 V                              ; 0.136 V                              ; 3.15e-10 s                  ; 4.16e-10 s                  ; No                         ; Yes                        ; 2.32 V                      ; 8.25e-09 V                  ; 2.41 V             ; -0.0859 V          ; 0.289 V                             ; 0.136 V                             ; 3.15e-10 s                 ; 4.16e-10 s                 ; No                        ; Yes                       ;
; ~ALTERA_TDO~ ; 2.5 V        ; 0 s                 ; 0 s                 ; 2.32 V                       ; 1.39e-08 V                   ; 2.39 V              ; -0.0409 V           ; 0.21 V                               ; 0.121 V                              ; 4.7e-10 s                   ; 5.93e-10 s                  ; No                         ; Yes                        ; 2.32 V                      ; 1.39e-08 V                  ; 2.39 V             ; -0.0409 V          ; 0.21 V                              ; 0.121 V                             ; 4.7e-10 s                  ; 5.93e-10 s                 ; No                        ; Yes                       ;
+--------------+--------------+---------------------+---------------------+------------------------------+------------------------------+---------------------+---------------------+--------------------------------------+--------------------------------------+-----------------------------+-----------------------------+----------------------------+----------------------------+-----------------------------+-----------------------------+--------------------+--------------------+-------------------------------------+-------------------------------------+----------------------------+----------------------------+---------------------------+---------------------------+


+-------------------------------------------------------------------------------------------------------------------------------------------------------------------------------------------------------------------------------------------------------------------------------------------------------------------------------------------------------------------------------------------------------------------------------------------------------------------------------------------------------------------------------------------------------------------------------------------------------------------------------------------------------------------------------------------+
; Signal Integrity Metrics (Slow 1200mv 85c Model)                                                                                                                                                                                                                                                                                                                                                                                                                                                                                                                                                                                                                                          ;
+--------------+--------------+---------------------+---------------------+------------------------------+------------------------------+---------------------+---------------------+--------------------------------------+--------------------------------------+-----------------------------+-----------------------------+----------------------------+----------------------------+-----------------------------+-----------------------------+--------------------+--------------------+-------------------------------------+-------------------------------------+----------------------------+----------------------------+---------------------------+---------------------------+
; Pin          ; I/O Standard ; Board Delay on Rise ; Board Delay on Fall ; Steady State Voh at FPGA Pin ; Steady State Vol at FPGA Pin ; Voh Max at FPGA Pin ; Vol Min at FPGA Pin ; Ringback Voltage on Rise at FPGA Pin ; Ringback Voltage on Fall at FPGA Pin ; 10-90 Rise Time at FPGA Pin ; 90-10 Fall Time at FPGA Pin ; Monotonic Rise at FPGA Pin ; Monotonic Fall at FPGA Pin ; Steady State Voh at Far-end ; Steady State Vol at Far-end ; Voh Max at Far-end ; Vol Min at Far-end ; Ringback Voltage on Rise at Far-end ; Ringback Voltage on Fall at Far-end ; 10-90 Rise Time at Far-end ; 90-10 Fall Time at Far-end ; Monotonic Rise at Far-end ; Monotonic Fall at Far-end ;
+--------------+--------------+---------------------+---------------------+------------------------------+------------------------------+---------------------+---------------------+--------------------------------------+--------------------------------------+-----------------------------+-----------------------------+----------------------------+----------------------------+-----------------------------+-----------------------------+--------------------+--------------------+-------------------------------------+-------------------------------------+----------------------------+----------------------------+---------------------------+---------------------------+
; Mout[6]      ; 2.5 V        ; 0 s                 ; 0 s                 ; 2.32 V                       ; 1.16e-06 V                   ; 2.37 V              ; -0.049 V            ; 0.154 V                              ; 0.186 V                              ; 4.63e-10 s                  ; 4.5e-10 s                   ; Yes                        ; Yes                        ; 2.32 V                      ; 1.16e-06 V                  ; 2.37 V             ; -0.049 V           ; 0.154 V                             ; 0.186 V                             ; 4.63e-10 s                 ; 4.5e-10 s                  ; Yes                       ; Yes                       ;
; Mout[5]      ; 2.5 V        ; 0 s                 ; 0 s                 ; 2.32 V                       ; 1.16e-06 V                   ; 2.37 V              ; -0.049 V            ; 0.154 V                              ; 0.186 V                              ; 4.63e-10 s                  ; 4.5e-10 s                   ; Yes                        ; Yes                        ; 2.32 V                      ; 1.16e-06 V                  ; 2.37 V             ; -0.049 V           ; 0.154 V                             ; 0.186 V                             ; 4.63e-10 s                 ; 4.5e-10 s                  ; Yes                       ; Yes                       ;
; Mout[4]      ; 2.5 V        ; 0 s                 ; 0 s                 ; 2.32 V                       ; 1.16e-06 V                   ; 2.37 V              ; -0.0508 V           ; 0.153 V                              ; 0.187 V                              ; 4.63e-10 s                  ; 4.49e-10 s                  ; Yes                        ; Yes                        ; 2.32 V                      ; 1.16e-06 V                  ; 2.37 V             ; -0.0508 V          ; 0.153 V                             ; 0.187 V                             ; 4.63e-10 s                 ; 4.49e-10 s                 ; Yes                       ; Yes                       ;
; Mout[3]      ; 2.5 V        ; 0 s                 ; 0 s                 ; 2.32 V                       ; 1.16e-06 V                   ; 2.37 V              ; -0.0508 V           ; 0.153 V                              ; 0.187 V                              ; 4.63e-10 s                  ; 4.49e-10 s                  ; Yes                        ; Yes                        ; 2.32 V                      ; 1.16e-06 V                  ; 2.37 V             ; -0.0508 V          ; 0.153 V                             ; 0.187 V                             ; 4.63e-10 s                 ; 4.49e-10 s                 ; Yes                       ; Yes                       ;
; Mout[2]      ; 2.5 V        ; 0 s                 ; 0 s                 ; 2.32 V                       ; 1.16e-06 V                   ; 2.37 V              ; -0.049 V            ; 0.154 V                              ; 0.186 V                              ; 4.63e-10 s                  ; 4.5e-10 s                   ; Yes                        ; Yes                        ; 2.32 V                      ; 1.16e-06 V                  ; 2.37 V             ; -0.049 V           ; 0.154 V                             ; 0.186 V                             ; 4.63e-10 s                 ; 4.5e-10 s                  ; Yes                       ; Yes                       ;
; Mout[1]      ; 2.5 V        ; 0 s                 ; 0 s                 ; 2.32 V                       ; 1.16e-06 V                   ; 2.37 V              ; -0.049 V            ; 0.154 V                              ; 0.186 V                              ; 4.63e-10 s                  ; 4.5e-10 s                   ; Yes                        ; Yes                        ; 2.32 V                      ; 1.16e-06 V                  ; 2.37 V             ; -0.049 V           ; 0.154 V                             ; 0.186 V                             ; 4.63e-10 s                 ; 4.5e-10 s                  ; Yes                       ; Yes                       ;
; Mout[0]      ; 2.5 V        ; 0 s                 ; 0 s                 ; 2.32 V                       ; 1.16e-06 V                   ; 2.37 V              ; -0.0508 V           ; 0.153 V                              ; 0.187 V                              ; 4.63e-10 s                  ; 4.49e-10 s                  ; Yes                        ; Yes                        ; 2.32 V                      ; 1.16e-06 V                  ; 2.37 V             ; -0.0508 V          ; 0.153 V                             ; 0.187 V                             ; 4.63e-10 s                 ; 4.49e-10 s                 ; Yes                       ; Yes                       ;
; Nout[6]      ; 2.5 V        ; 0 s                 ; 0 s                 ; 2.32 V                       ; 1.16e-06 V                   ; 2.37 V              ; -0.049 V            ; 0.154 V                              ; 0.186 V                              ; 4.63e-10 s                  ; 4.5e-10 s                   ; Yes                        ; Yes                        ; 2.32 V                      ; 1.16e-06 V                  ; 2.37 V             ; -0.049 V           ; 0.154 V                             ; 0.186 V                             ; 4.63e-10 s                 ; 4.5e-10 s                  ; Yes                       ; Yes                       ;
; Nout[5]      ; 2.5 V        ; 0 s                 ; 0 s                 ; 2.32 V                       ; 1.16e-06 V                   ; 2.37 V              ; -0.0508 V           ; 0.153 V                              ; 0.187 V                              ; 4.63e-10 s                  ; 4.49e-10 s                  ; Yes                        ; Yes                        ; 2.32 V                      ; 1.16e-06 V                  ; 2.37 V             ; -0.0508 V          ; 0.153 V                             ; 0.187 V                             ; 4.63e-10 s                 ; 4.49e-10 s                 ; Yes                       ; Yes                       ;
; Nout[4]      ; 2.5 V        ; 0 s                 ; 0 s                 ; 2.32 V                       ; 1.16e-06 V                   ; 2.37 V              ; -0.0508 V           ; 0.153 V                              ; 0.187 V                              ; 4.63e-10 s                  ; 4.49e-10 s                  ; Yes                        ; Yes                        ; 2.32 V                      ; 1.16e-06 V                  ; 2.37 V             ; -0.0508 V          ; 0.153 V                             ; 0.187 V                             ; 4.63e-10 s                 ; 4.49e-10 s                 ; Yes                       ; Yes                       ;
; Nout[3]      ; 2.5 V        ; 0 s                 ; 0 s                 ; 2.32 V                       ; 1.16e-06 V                   ; 2.37 V              ; -0.049 V            ; 0.154 V                              ; 0.186 V                              ; 4.63e-10 s                  ; 4.5e-10 s                   ; Yes                        ; Yes                        ; 2.32 V                      ; 1.16e-06 V                  ; 2.37 V             ; -0.049 V           ; 0.154 V                             ; 0.186 V                             ; 4.63e-10 s                 ; 4.5e-10 s                  ; Yes                       ; Yes                       ;
; Nout[2]      ; 2.5 V        ; 0 s                 ; 0 s                 ; 2.32 V                       ; 1.16e-06 V                   ; 2.37 V              ; -0.0508 V           ; 0.153 V                              ; 0.187 V                              ; 4.63e-10 s                  ; 4.49e-10 s                  ; Yes                        ; Yes                        ; 2.32 V                      ; 1.16e-06 V                  ; 2.37 V             ; -0.0508 V          ; 0.153 V                             ; 0.187 V                             ; 4.63e-10 s                 ; 4.49e-10 s                 ; Yes                       ; Yes                       ;
; Nout[1]      ; 2.5 V        ; 0 s                 ; 0 s                 ; 2.32 V                       ; 1.16e-06 V                   ; 2.37 V              ; -0.049 V            ; 0.154 V                              ; 0.186 V                              ; 4.63e-10 s                  ; 4.5e-10 s                   ; Yes                        ; Yes                        ; 2.32 V                      ; 1.16e-06 V                  ; 2.37 V             ; -0.049 V           ; 0.154 V                             ; 0.186 V                             ; 4.63e-10 s                 ; 4.5e-10 s                  ; Yes                       ; Yes                       ;
; Nout[0]      ; 2.5 V        ; 0 s                 ; 0 s                 ; 2.32 V                       ; 1.16e-06 V                   ; 2.37 V              ; -0.049 V            ; 0.154 V                              ; 0.186 V                              ; 4.63e-10 s                  ; 4.5e-10 s                   ; Yes                        ; Yes                        ; 2.32 V                      ; 1.16e-06 V                  ; 2.37 V             ; -0.049 V           ; 0.154 V                             ; 0.186 V                             ; 4.63e-10 s                 ; 4.5e-10 s                  ; Yes                       ; Yes                       ;
; Oout[6]      ; 2.5 V        ; 0 s                 ; 0 s                 ; 2.32 V                       ; 1.16e-06 V                   ; 2.37 V              ; -0.049 V            ; 0.154 V                              ; 0.186 V                              ; 4.63e-10 s                  ; 4.5e-10 s                   ; Yes                        ; Yes                        ; 2.32 V                      ; 1.16e-06 V                  ; 2.37 V             ; -0.049 V           ; 0.154 V                             ; 0.186 V                             ; 4.63e-10 s                 ; 4.5e-10 s                  ; Yes                       ; Yes                       ;
; Oout[5]      ; 2.5 V        ; 0 s                 ; 0 s                 ; 2.32 V                       ; 1.16e-06 V                   ; 2.37 V              ; -0.049 V            ; 0.154 V                              ; 0.186 V                              ; 4.63e-10 s                  ; 4.5e-10 s                   ; Yes                        ; Yes                        ; 2.32 V                      ; 1.16e-06 V                  ; 2.37 V             ; -0.049 V           ; 0.154 V                             ; 0.186 V                             ; 4.63e-10 s                 ; 4.5e-10 s                  ; Yes                       ; Yes                       ;
; Oout[4]      ; 2.5 V        ; 0 s                 ; 0 s                 ; 2.32 V                       ; 1.16e-06 V                   ; 2.37 V              ; -0.0508 V           ; 0.153 V                              ; 0.187 V                              ; 4.63e-10 s                  ; 4.49e-10 s                  ; Yes                        ; Yes                        ; 2.32 V                      ; 1.16e-06 V                  ; 2.37 V             ; -0.0508 V          ; 0.153 V                             ; 0.187 V                             ; 4.63e-10 s                 ; 4.49e-10 s                 ; Yes                       ; Yes                       ;
; Oout[3]      ; 2.5 V        ; 0 s                 ; 0 s                 ; 2.32 V                       ; 1.16e-06 V                   ; 2.37 V              ; -0.0508 V           ; 0.153 V                              ; 0.187 V                              ; 4.63e-10 s                  ; 4.49e-10 s                  ; Yes                        ; Yes                        ; 2.32 V                      ; 1.16e-06 V                  ; 2.37 V             ; -0.0508 V          ; 0.153 V                             ; 0.187 V                             ; 4.63e-10 s                 ; 4.49e-10 s                 ; Yes                       ; Yes                       ;
; Oout[2]      ; 2.5 V        ; 0 s                 ; 0 s                 ; 2.32 V                       ; 1.16e-06 V                   ; 2.37 V              ; -0.049 V            ; 0.154 V                              ; 0.186 V                              ; 4.63e-10 s                  ; 4.5e-10 s                   ; Yes                        ; Yes                        ; 2.32 V                      ; 1.16e-06 V                  ; 2.37 V             ; -0.049 V           ; 0.154 V                             ; 0.186 V                             ; 4.63e-10 s                 ; 4.5e-10 s                  ; Yes                       ; Yes                       ;
; Oout[1]      ; 2.5 V        ; 0 s                 ; 0 s                 ; 2.32 V                       ; 1.16e-06 V                   ; 2.37 V              ; -0.0508 V           ; 0.153 V                              ; 0.187 V                              ; 4.63e-10 s                  ; 4.49e-10 s                  ; Yes                        ; Yes                        ; 2.32 V                      ; 1.16e-06 V                  ; 2.37 V             ; -0.0508 V          ; 0.153 V                             ; 0.187 V                             ; 4.63e-10 s                 ; 4.49e-10 s                 ; Yes                       ; Yes                       ;
; Oout[0]      ; 2.5 V        ; 0 s                 ; 0 s                 ; 2.32 V                       ; 1.16e-06 V                   ; 2.37 V              ; -0.0508 V           ; 0.153 V                              ; 0.187 V                              ; 4.63e-10 s                  ; 4.49e-10 s                  ; Yes                        ; Yes                        ; 2.32 V                      ; 1.16e-06 V                  ; 2.37 V             ; -0.0508 V          ; 0.153 V                             ; 0.187 V                             ; 4.63e-10 s                 ; 4.49e-10 s                 ; Yes                       ; Yes                       ;
; Pout[6]      ; 2.5 V        ; 0 s                 ; 0 s                 ; 2.32 V                       ; 1.16e-06 V                   ; 2.37 V              ; -0.0508 V           ; 0.153 V                              ; 0.187 V                              ; 4.63e-10 s                  ; 4.49e-10 s                  ; Yes                        ; Yes                        ; 2.32 V                      ; 1.16e-06 V                  ; 2.37 V             ; -0.0508 V          ; 0.153 V                             ; 0.187 V                             ; 4.63e-10 s                 ; 4.49e-10 s                 ; Yes                       ; Yes                       ;
; Pout[5]      ; 2.5 V        ; 0 s                 ; 0 s                 ; 2.32 V                       ; 1.16e-06 V                   ; 2.37 V              ; -0.049 V            ; 0.154 V                              ; 0.186 V                              ; 4.63e-10 s                  ; 4.5e-10 s                   ; Yes                        ; Yes                        ; 2.32 V                      ; 1.16e-06 V                  ; 2.37 V             ; -0.049 V           ; 0.154 V                             ; 0.186 V                             ; 4.63e-10 s                 ; 4.5e-10 s                  ; Yes                       ; Yes                       ;
; Pout[4]      ; 2.5 V        ; 0 s                 ; 0 s                 ; 2.32 V                       ; 1.16e-06 V                   ; 2.37 V              ; -0.049 V            ; 0.154 V                              ; 0.186 V                              ; 4.63e-10 s                  ; 4.5e-10 s                   ; Yes                        ; Yes                        ; 2.32 V                      ; 1.16e-06 V                  ; 2.37 V             ; -0.049 V           ; 0.154 V                             ; 0.186 V                             ; 4.63e-10 s                 ; 4.5e-10 s                  ; Yes                       ; Yes                       ;
; Pout[3]      ; 2.5 V        ; 0 s                 ; 0 s                 ; 2.32 V                       ; 1.16e-06 V                   ; 2.37 V              ; -0.049 V            ; 0.154 V                              ; 0.186 V                              ; 4.63e-10 s                  ; 4.5e-10 s                   ; Yes                        ; Yes                        ; 2.32 V                      ; 1.16e-06 V                  ; 2.37 V             ; -0.049 V           ; 0.154 V                             ; 0.186 V                             ; 4.63e-10 s                 ; 4.5e-10 s                  ; Yes                       ; Yes                       ;
; Pout[2]      ; 2.5 V        ; 0 s                 ; 0 s                 ; 2.32 V                       ; 1.16e-06 V                   ; 2.37 V              ; -0.049 V            ; 0.154 V                              ; 0.186 V                              ; 4.63e-10 s                  ; 4.5e-10 s                   ; Yes                        ; Yes                        ; 2.32 V                      ; 1.16e-06 V                  ; 2.37 V             ; -0.049 V           ; 0.154 V                             ; 0.186 V                             ; 4.63e-10 s                 ; 4.5e-10 s                  ; Yes                       ; Yes                       ;
; Pout[1]      ; 2.5 V        ; 0 s                 ; 0 s                 ; 2.32 V                       ; 1.16e-06 V                   ; 2.37 V              ; -0.0508 V           ; 0.153 V                              ; 0.187 V                              ; 4.63e-10 s                  ; 4.49e-10 s                  ; Yes                        ; Yes                        ; 2.32 V                      ; 1.16e-06 V                  ; 2.37 V             ; -0.0508 V          ; 0.153 V                             ; 0.187 V                             ; 4.63e-10 s                 ; 4.49e-10 s                 ; Yes                       ; Yes                       ;
; Pout[0]      ; 2.5 V        ; 0 s                 ; 0 s                 ; 2.32 V                       ; 1.16e-06 V                   ; 2.37 V              ; -0.0508 V           ; 0.153 V                              ; 0.187 V                              ; 4.63e-10 s                  ; 4.49e-10 s                  ; Yes                        ; Yes                        ; 2.32 V                      ; 1.16e-06 V                  ; 2.37 V             ; -0.0508 V          ; 0.153 V                             ; 0.187 V                             ; 4.63e-10 s                 ; 4.49e-10 s                 ; Yes                       ; Yes                       ;
; Qout[6]      ; 2.5 V        ; 0 s                 ; 0 s                 ; 2.32 V                       ; 1.16e-06 V                   ; 2.37 V              ; -0.049 V            ; 0.154 V                              ; 0.186 V                              ; 4.63e-10 s                  ; 4.5e-10 s                   ; Yes                        ; Yes                        ; 2.32 V                      ; 1.16e-06 V                  ; 2.37 V             ; -0.049 V           ; 0.154 V                             ; 0.186 V                             ; 4.63e-10 s                 ; 4.5e-10 s                  ; Yes                       ; Yes                       ;
; Qout[5]      ; 2.5 V        ; 0 s                 ; 0 s                 ; 2.32 V                       ; 1.16e-06 V                   ; 2.37 V              ; -0.0508 V           ; 0.153 V                              ; 0.187 V                              ; 4.63e-10 s                  ; 4.49e-10 s                  ; Yes                        ; Yes                        ; 2.32 V                      ; 1.16e-06 V                  ; 2.37 V             ; -0.0508 V          ; 0.153 V                             ; 0.187 V                             ; 4.63e-10 s                 ; 4.49e-10 s                 ; Yes                       ; Yes                       ;
; Qout[4]      ; 2.5 V        ; 0 s                 ; 0 s                 ; 2.32 V                       ; 1.16e-06 V                   ; 2.37 V              ; -0.049 V            ; 0.154 V                              ; 0.186 V                              ; 4.63e-10 s                  ; 4.5e-10 s                   ; Yes                        ; Yes                        ; 2.32 V                      ; 1.16e-06 V                  ; 2.37 V             ; -0.049 V           ; 0.154 V                             ; 0.186 V                             ; 4.63e-10 s                 ; 4.5e-10 s                  ; Yes                       ; Yes                       ;
; Qout[3]      ; 2.5 V        ; 0 s                 ; 0 s                 ; 2.32 V                       ; 1.16e-06 V                   ; 2.37 V              ; -0.0508 V           ; 0.153 V                              ; 0.187 V                              ; 4.63e-10 s                  ; 4.49e-10 s                  ; Yes                        ; Yes                        ; 2.32 V                      ; 1.16e-06 V                  ; 2.37 V             ; -0.0508 V          ; 0.153 V                             ; 0.187 V                             ; 4.63e-10 s                 ; 4.49e-10 s                 ; Yes                       ; Yes                       ;
; Qout[2]      ; 2.5 V        ; 0 s                 ; 0 s                 ; 2.32 V                       ; 1.16e-06 V                   ; 2.37 V              ; -0.049 V            ; 0.154 V                              ; 0.186 V                              ; 4.63e-10 s                  ; 4.5e-10 s                   ; Yes                        ; Yes                        ; 2.32 V                      ; 1.16e-06 V                  ; 2.37 V             ; -0.049 V           ; 0.154 V                             ; 0.186 V                             ; 4.63e-10 s                 ; 4.5e-10 s                  ; Yes                       ; Yes                       ;
; Qout[1]      ; 2.5 V        ; 0 s                 ; 0 s                 ; 2.32 V                       ; 1.16e-06 V                   ; 2.37 V              ; -0.0508 V           ; 0.153 V                              ; 0.187 V                              ; 4.63e-10 s                  ; 4.49e-10 s                  ; Yes                        ; Yes                        ; 2.32 V                      ; 1.16e-06 V                  ; 2.37 V             ; -0.0508 V          ; 0.153 V                             ; 0.187 V                             ; 4.63e-10 s                 ; 4.49e-10 s                 ; Yes                       ; Yes                       ;
; Qout[0]      ; 2.5 V        ; 0 s                 ; 0 s                 ; 2.32 V                       ; 1.16e-06 V                   ; 2.37 V              ; -0.0508 V           ; 0.153 V                              ; 0.187 V                              ; 4.63e-10 s                  ; 4.49e-10 s                  ; Yes                        ; Yes                        ; 2.32 V                      ; 1.16e-06 V                  ; 2.37 V             ; -0.0508 V          ; 0.153 V                             ; 0.187 V                             ; 4.63e-10 s                 ; 4.49e-10 s                 ; Yes                       ; Yes                       ;
; Rout[6]      ; 2.5 V        ; 0 s                 ; 0 s                 ; 2.32 V                       ; 1.16e-06 V                   ; 2.37 V              ; -0.049 V            ; 0.154 V                              ; 0.186 V                              ; 4.63e-10 s                  ; 4.5e-10 s                   ; Yes                        ; Yes                        ; 2.32 V                      ; 1.16e-06 V                  ; 2.37 V             ; -0.049 V           ; 0.154 V                             ; 0.186 V                             ; 4.63e-10 s                 ; 4.5e-10 s                  ; Yes                       ; Yes                       ;
; Rout[5]      ; 2.5 V        ; 0 s                 ; 0 s                 ; 2.32 V                       ; 1.16e-06 V                   ; 2.37 V              ; -0.0508 V           ; 0.153 V                              ; 0.187 V                              ; 4.63e-10 s                  ; 4.49e-10 s                  ; Yes                        ; Yes                        ; 2.32 V                      ; 1.16e-06 V                  ; 2.37 V             ; -0.0508 V          ; 0.153 V                             ; 0.187 V                             ; 4.63e-10 s                 ; 4.49e-10 s                 ; Yes                       ; Yes                       ;
; Rout[4]      ; 2.5 V        ; 0 s                 ; 0 s                 ; 2.32 V                       ; 1.16e-06 V                   ; 2.37 V              ; -0.0508 V           ; 0.153 V                              ; 0.187 V                              ; 4.63e-10 s                  ; 4.49e-10 s                  ; Yes                        ; Yes                        ; 2.32 V                      ; 1.16e-06 V                  ; 2.37 V             ; -0.0508 V          ; 0.153 V                             ; 0.187 V                             ; 4.63e-10 s                 ; 4.49e-10 s                 ; Yes                       ; Yes                       ;
; Rout[3]      ; 2.5 V        ; 0 s                 ; 0 s                 ; 2.32 V                       ; 1.16e-06 V                   ; 2.37 V              ; -0.0508 V           ; 0.153 V                              ; 0.187 V                              ; 4.63e-10 s                  ; 4.49e-10 s                  ; Yes                        ; Yes                        ; 2.32 V                      ; 1.16e-06 V                  ; 2.37 V             ; -0.0508 V          ; 0.153 V                             ; 0.187 V                             ; 4.63e-10 s                 ; 4.49e-10 s                 ; Yes                       ; Yes                       ;
; Rout[2]      ; 2.5 V        ; 0 s                 ; 0 s                 ; 2.32 V                       ; 1.16e-06 V                   ; 2.37 V              ; -0.049 V            ; 0.154 V                              ; 0.186 V                              ; 4.63e-10 s                  ; 4.5e-10 s                   ; Yes                        ; Yes                        ; 2.32 V                      ; 1.16e-06 V                  ; 2.37 V             ; -0.049 V           ; 0.154 V                             ; 0.186 V                             ; 4.63e-10 s                 ; 4.5e-10 s                  ; Yes                       ; Yes                       ;
; Rout[1]      ; 2.5 V        ; 0 s                 ; 0 s                 ; 2.32 V                       ; 1.16e-06 V                   ; 2.37 V              ; -0.049 V            ; 0.154 V                              ; 0.186 V                              ; 4.63e-10 s                  ; 4.5e-10 s                   ; Yes                        ; Yes                        ; 2.32 V                      ; 1.16e-06 V                  ; 2.37 V             ; -0.049 V           ; 0.154 V                             ; 0.186 V                             ; 4.63e-10 s                 ; 4.5e-10 s                  ; Yes                       ; Yes                       ;
; Rout[0]      ; 2.5 V        ; 0 s                 ; 0 s                 ; 2.32 V                       ; 1.16e-06 V                   ; 2.37 V              ; -0.0508 V           ; 0.153 V                              ; 0.187 V                              ; 4.63e-10 s                  ; 4.49e-10 s                  ; Yes                        ; Yes                        ; 2.32 V                      ; 1.16e-06 V                  ; 2.37 V             ; -0.0508 V          ; 0.153 V                             ; 0.187 V                             ; 4.63e-10 s                 ; 4.49e-10 s                 ; Yes                       ; Yes                       ;
; alarm        ; 2.5 V        ; 0 s                 ; 0 s                 ; 2.32 V                       ; 1.16e-06 V                   ; 2.37 V              ; -0.0508 V           ; 0.153 V                              ; 0.187 V                              ; 4.63e-10 s                  ; 4.49e-10 s                  ; Yes                        ; Yes                        ; 2.32 V                      ; 1.16e-06 V                  ; 2.37 V             ; -0.0508 V          ; 0.153 V                             ; 0.187 V                             ; 4.63e-10 s                 ; 4.49e-10 s                 ; Yes                       ; Yes                       ;
; setAlarmLED  ; 2.5 V        ; 0 s                 ; 0 s                 ; 2.32 V                       ; 1.16e-06 V                   ; 2.37 V              ; -0.049 V            ; 0.154 V                              ; 0.186 V                              ; 4.63e-10 s                  ; 4.5e-10 s                   ; Yes                        ; Yes                        ; 2.32 V                      ; 1.16e-06 V                  ; 2.37 V             ; -0.049 V           ; 0.154 V                             ; 0.186 V                             ; 4.63e-10 s                 ; 4.5e-10 s                  ; Yes                       ; Yes                       ;
; ~ALTERA_TDO~ ; 2.5 V        ; 0 s                 ; 0 s                 ; 2.32 V                       ; 1.97e-06 V                   ; 2.36 V              ; -0.0173 V           ; 0.144 V                              ; 0.094 V                              ; 6.44e-10 s                  ; 7.2e-10 s                   ; No                         ; Yes                        ; 2.32 V                      ; 1.97e-06 V                  ; 2.36 V             ; -0.0173 V          ; 0.144 V                             ; 0.094 V                             ; 6.44e-10 s                 ; 7.2e-10 s                  ; No                        ; Yes                       ;
+--------------+--------------+---------------------+---------------------+------------------------------+------------------------------+---------------------+---------------------+--------------------------------------+--------------------------------------+-----------------------------+-----------------------------+----------------------------+----------------------------+-----------------------------+-----------------------------+--------------------+--------------------+-------------------------------------+-------------------------------------+----------------------------+----------------------------+---------------------------+---------------------------+


+-------------------------------------------------------------------------------------------------------------------------------------------------------------------------------------------------------------------------------------------------------------------------------------------------------------------------------------------------------------------------------------------------------------------------------------------------------------------------------------------------------------------------------------------------------------------------------------------------------------------------------------------------------------------------------------------+
; Signal Integrity Metrics (Fast 1200mv 0c Model)                                                                                                                                                                                                                                                                                                                                                                                                                                                                                                                                                                                                                                           ;
+--------------+--------------+---------------------+---------------------+------------------------------+------------------------------+---------------------+---------------------+--------------------------------------+--------------------------------------+-----------------------------+-----------------------------+----------------------------+----------------------------+-----------------------------+-----------------------------+--------------------+--------------------+-------------------------------------+-------------------------------------+----------------------------+----------------------------+---------------------------+---------------------------+
; Pin          ; I/O Standard ; Board Delay on Rise ; Board Delay on Fall ; Steady State Voh at FPGA Pin ; Steady State Vol at FPGA Pin ; Voh Max at FPGA Pin ; Vol Min at FPGA Pin ; Ringback Voltage on Rise at FPGA Pin ; Ringback Voltage on Fall at FPGA Pin ; 10-90 Rise Time at FPGA Pin ; 90-10 Fall Time at FPGA Pin ; Monotonic Rise at FPGA Pin ; Monotonic Fall at FPGA Pin ; Steady State Voh at Far-end ; Steady State Vol at Far-end ; Voh Max at Far-end ; Vol Min at Far-end ; Ringback Voltage on Rise at Far-end ; Ringback Voltage on Fall at Far-end ; 10-90 Rise Time at Far-end ; 90-10 Fall Time at Far-end ; Monotonic Rise at Far-end ; Monotonic Fall at Far-end ;
+--------------+--------------+---------------------+---------------------+------------------------------+------------------------------+---------------------+---------------------+--------------------------------------+--------------------------------------+-----------------------------+-----------------------------+----------------------------+----------------------------+-----------------------------+-----------------------------+--------------------+--------------------+-------------------------------------+-------------------------------------+----------------------------+----------------------------+---------------------------+---------------------------+
; Mout[6]      ; 2.5 V        ; 0 s                 ; 0 s                 ; 2.62 V                       ; 9.95e-08 V                   ; 2.78 V              ; -0.0452 V           ; 0.248 V                              ; 0.108 V                              ; 2.67e-10 s                  ; 2.75e-10 s                  ; No                         ; Yes                        ; 2.62 V                      ; 9.95e-08 V                  ; 2.78 V             ; -0.0452 V          ; 0.248 V                             ; 0.108 V                             ; 2.67e-10 s                 ; 2.75e-10 s                 ; No                        ; Yes                       ;
; Mout[5]      ; 2.5 V        ; 0 s                 ; 0 s                 ; 2.62 V                       ; 9.95e-08 V                   ; 2.78 V              ; -0.0452 V           ; 0.248 V                              ; 0.108 V                              ; 2.67e-10 s                  ; 2.75e-10 s                  ; No                         ; Yes                        ; 2.62 V                      ; 9.95e-08 V                  ; 2.78 V             ; -0.0452 V          ; 0.248 V                             ; 0.108 V                             ; 2.67e-10 s                 ; 2.75e-10 s                 ; No                        ; Yes                       ;
; Mout[4]      ; 2.5 V        ; 0 s                 ; 0 s                 ; 2.62 V                       ; 9.94e-08 V                   ; 2.78 V              ; -0.0444 V           ; 0.25 V                               ; 0.107 V                              ; 2.67e-10 s                  ; 2.75e-10 s                  ; No                         ; Yes                        ; 2.62 V                      ; 9.94e-08 V                  ; 2.78 V             ; -0.0444 V          ; 0.25 V                              ; 0.107 V                             ; 2.67e-10 s                 ; 2.75e-10 s                 ; No                        ; Yes                       ;
; Mout[3]      ; 2.5 V        ; 0 s                 ; 0 s                 ; 2.62 V                       ; 9.94e-08 V                   ; 2.78 V              ; -0.0444 V           ; 0.25 V                               ; 0.107 V                              ; 2.67e-10 s                  ; 2.75e-10 s                  ; No                         ; Yes                        ; 2.62 V                      ; 9.94e-08 V                  ; 2.78 V             ; -0.0444 V          ; 0.25 V                              ; 0.107 V                             ; 2.67e-10 s                 ; 2.75e-10 s                 ; No                        ; Yes                       ;
; Mout[2]      ; 2.5 V        ; 0 s                 ; 0 s                 ; 2.62 V                       ; 9.95e-08 V                   ; 2.78 V              ; -0.0452 V           ; 0.248 V                              ; 0.108 V                              ; 2.67e-10 s                  ; 2.75e-10 s                  ; No                         ; Yes                        ; 2.62 V                      ; 9.95e-08 V                  ; 2.78 V             ; -0.0452 V          ; 0.248 V                             ; 0.108 V                             ; 2.67e-10 s                 ; 2.75e-10 s                 ; No                        ; Yes                       ;
; Mout[1]      ; 2.5 V        ; 0 s                 ; 0 s                 ; 2.62 V                       ; 9.95e-08 V                   ; 2.78 V              ; -0.0452 V           ; 0.248 V                              ; 0.108 V                              ; 2.67e-10 s                  ; 2.75e-10 s                  ; No                         ; Yes                        ; 2.62 V                      ; 9.95e-08 V                  ; 2.78 V             ; -0.0452 V          ; 0.248 V                             ; 0.108 V                             ; 2.67e-10 s                 ; 2.75e-10 s                 ; No                        ; Yes                       ;
; Mout[0]      ; 2.5 V        ; 0 s                 ; 0 s                 ; 2.62 V                       ; 9.94e-08 V                   ; 2.78 V              ; -0.0444 V           ; 0.25 V                               ; 0.107 V                              ; 2.67e-10 s                  ; 2.75e-10 s                  ; No                         ; Yes                        ; 2.62 V                      ; 9.94e-08 V                  ; 2.78 V             ; -0.0444 V          ; 0.25 V                              ; 0.107 V                             ; 2.67e-10 s                 ; 2.75e-10 s                 ; No                        ; Yes                       ;
; Nout[6]      ; 2.5 V        ; 0 s                 ; 0 s                 ; 2.62 V                       ; 9.95e-08 V                   ; 2.78 V              ; -0.0452 V           ; 0.248 V                              ; 0.108 V                              ; 2.67e-10 s                  ; 2.75e-10 s                  ; No                         ; Yes                        ; 2.62 V                      ; 9.95e-08 V                  ; 2.78 V             ; -0.0452 V          ; 0.248 V                             ; 0.108 V                             ; 2.67e-10 s                 ; 2.75e-10 s                 ; No                        ; Yes                       ;
; Nout[5]      ; 2.5 V        ; 0 s                 ; 0 s                 ; 2.62 V                       ; 9.94e-08 V                   ; 2.78 V              ; -0.0444 V           ; 0.25 V                               ; 0.107 V                              ; 2.67e-10 s                  ; 2.75e-10 s                  ; No                         ; Yes                        ; 2.62 V                      ; 9.94e-08 V                  ; 2.78 V             ; -0.0444 V          ; 0.25 V                              ; 0.107 V                             ; 2.67e-10 s                 ; 2.75e-10 s                 ; No                        ; Yes                       ;
; Nout[4]      ; 2.5 V        ; 0 s                 ; 0 s                 ; 2.62 V                       ; 9.94e-08 V                   ; 2.78 V              ; -0.0444 V           ; 0.25 V                               ; 0.107 V                              ; 2.67e-10 s                  ; 2.75e-10 s                  ; No                         ; Yes                        ; 2.62 V                      ; 9.94e-08 V                  ; 2.78 V             ; -0.0444 V          ; 0.25 V                              ; 0.107 V                             ; 2.67e-10 s                 ; 2.75e-10 s                 ; No                        ; Yes                       ;
; Nout[3]      ; 2.5 V        ; 0 s                 ; 0 s                 ; 2.62 V                       ; 9.95e-08 V                   ; 2.78 V              ; -0.0452 V           ; 0.248 V                              ; 0.108 V                              ; 2.67e-10 s                  ; 2.75e-10 s                  ; No                         ; Yes                        ; 2.62 V                      ; 9.95e-08 V                  ; 2.78 V             ; -0.0452 V          ; 0.248 V                             ; 0.108 V                             ; 2.67e-10 s                 ; 2.75e-10 s                 ; No                        ; Yes                       ;
; Nout[2]      ; 2.5 V        ; 0 s                 ; 0 s                 ; 2.62 V                       ; 9.94e-08 V                   ; 2.78 V              ; -0.0444 V           ; 0.25 V                               ; 0.107 V                              ; 2.67e-10 s                  ; 2.75e-10 s                  ; No                         ; Yes                        ; 2.62 V                      ; 9.94e-08 V                  ; 2.78 V             ; -0.0444 V          ; 0.25 V                              ; 0.107 V                             ; 2.67e-10 s                 ; 2.75e-10 s                 ; No                        ; Yes                       ;
; Nout[1]      ; 2.5 V        ; 0 s                 ; 0 s                 ; 2.62 V                       ; 9.95e-08 V                   ; 2.78 V              ; -0.0452 V           ; 0.248 V                              ; 0.108 V                              ; 2.67e-10 s                  ; 2.75e-10 s                  ; No                         ; Yes                        ; 2.62 V                      ; 9.95e-08 V                  ; 2.78 V             ; -0.0452 V          ; 0.248 V                             ; 0.108 V                             ; 2.67e-10 s                 ; 2.75e-10 s                 ; No                        ; Yes                       ;
; Nout[0]      ; 2.5 V        ; 0 s                 ; 0 s                 ; 2.62 V                       ; 9.95e-08 V                   ; 2.78 V              ; -0.0452 V           ; 0.248 V                              ; 0.108 V                              ; 2.67e-10 s                  ; 2.75e-10 s                  ; No                         ; Yes                        ; 2.62 V                      ; 9.95e-08 V                  ; 2.78 V             ; -0.0452 V          ; 0.248 V                             ; 0.108 V                             ; 2.67e-10 s                 ; 2.75e-10 s                 ; No                        ; Yes                       ;
; Oout[6]      ; 2.5 V        ; 0 s                 ; 0 s                 ; 2.62 V                       ; 9.95e-08 V                   ; 2.78 V              ; -0.0452 V           ; 0.248 V                              ; 0.108 V                              ; 2.67e-10 s                  ; 2.75e-10 s                  ; No                         ; Yes                        ; 2.62 V                      ; 9.95e-08 V                  ; 2.78 V             ; -0.0452 V          ; 0.248 V                             ; 0.108 V                             ; 2.67e-10 s                 ; 2.75e-10 s                 ; No                        ; Yes                       ;
; Oout[5]      ; 2.5 V        ; 0 s                 ; 0 s                 ; 2.62 V                       ; 9.95e-08 V                   ; 2.78 V              ; -0.0452 V           ; 0.248 V                              ; 0.108 V                              ; 2.67e-10 s                  ; 2.75e-10 s                  ; No                         ; Yes                        ; 2.62 V                      ; 9.95e-08 V                  ; 2.78 V             ; -0.0452 V          ; 0.248 V                             ; 0.108 V                             ; 2.67e-10 s                 ; 2.75e-10 s                 ; No                        ; Yes                       ;
; Oout[4]      ; 2.5 V        ; 0 s                 ; 0 s                 ; 2.62 V                       ; 9.94e-08 V                   ; 2.78 V              ; -0.0444 V           ; 0.25 V                               ; 0.107 V                              ; 2.67e-10 s                  ; 2.75e-10 s                  ; No                         ; Yes                        ; 2.62 V                      ; 9.94e-08 V                  ; 2.78 V             ; -0.0444 V          ; 0.25 V                              ; 0.107 V                             ; 2.67e-10 s                 ; 2.75e-10 s                 ; No                        ; Yes                       ;
; Oout[3]      ; 2.5 V        ; 0 s                 ; 0 s                 ; 2.62 V                       ; 9.94e-08 V                   ; 2.78 V              ; -0.0444 V           ; 0.25 V                               ; 0.107 V                              ; 2.67e-10 s                  ; 2.75e-10 s                  ; No                         ; Yes                        ; 2.62 V                      ; 9.94e-08 V                  ; 2.78 V             ; -0.0444 V          ; 0.25 V                              ; 0.107 V                             ; 2.67e-10 s                 ; 2.75e-10 s                 ; No                        ; Yes                       ;
; Oout[2]      ; 2.5 V        ; 0 s                 ; 0 s                 ; 2.62 V                       ; 9.95e-08 V                   ; 2.78 V              ; -0.0452 V           ; 0.248 V                              ; 0.108 V                              ; 2.67e-10 s                  ; 2.75e-10 s                  ; No                         ; Yes                        ; 2.62 V                      ; 9.95e-08 V                  ; 2.78 V             ; -0.0452 V          ; 0.248 V                             ; 0.108 V                             ; 2.67e-10 s                 ; 2.75e-10 s                 ; No                        ; Yes                       ;
; Oout[1]      ; 2.5 V        ; 0 s                 ; 0 s                 ; 2.62 V                       ; 9.94e-08 V                   ; 2.78 V              ; -0.0444 V           ; 0.25 V                               ; 0.107 V                              ; 2.67e-10 s                  ; 2.75e-10 s                  ; No                         ; Yes                        ; 2.62 V                      ; 9.94e-08 V                  ; 2.78 V             ; -0.0444 V          ; 0.25 V                              ; 0.107 V                             ; 2.67e-10 s                 ; 2.75e-10 s                 ; No                        ; Yes                       ;
; Oout[0]      ; 2.5 V        ; 0 s                 ; 0 s                 ; 2.62 V                       ; 9.94e-08 V                   ; 2.78 V              ; -0.0444 V           ; 0.25 V                               ; 0.107 V                              ; 2.67e-10 s                  ; 2.75e-10 s                  ; No                         ; Yes                        ; 2.62 V                      ; 9.94e-08 V                  ; 2.78 V             ; -0.0444 V          ; 0.25 V                              ; 0.107 V                             ; 2.67e-10 s                 ; 2.75e-10 s                 ; No                        ; Yes                       ;
; Pout[6]      ; 2.5 V        ; 0 s                 ; 0 s                 ; 2.62 V                       ; 9.94e-08 V                   ; 2.78 V              ; -0.0444 V           ; 0.25 V                               ; 0.107 V                              ; 2.67e-10 s                  ; 2.75e-10 s                  ; No                         ; Yes                        ; 2.62 V                      ; 9.94e-08 V                  ; 2.78 V             ; -0.0444 V          ; 0.25 V                              ; 0.107 V                             ; 2.67e-10 s                 ; 2.75e-10 s                 ; No                        ; Yes                       ;
; Pout[5]      ; 2.5 V        ; 0 s                 ; 0 s                 ; 2.62 V                       ; 9.95e-08 V                   ; 2.78 V              ; -0.0452 V           ; 0.248 V                              ; 0.108 V                              ; 2.67e-10 s                  ; 2.75e-10 s                  ; No                         ; Yes                        ; 2.62 V                      ; 9.95e-08 V                  ; 2.78 V             ; -0.0452 V          ; 0.248 V                             ; 0.108 V                             ; 2.67e-10 s                 ; 2.75e-10 s                 ; No                        ; Yes                       ;
; Pout[4]      ; 2.5 V        ; 0 s                 ; 0 s                 ; 2.62 V                       ; 9.95e-08 V                   ; 2.78 V              ; -0.0452 V           ; 0.248 V                              ; 0.108 V                              ; 2.67e-10 s                  ; 2.75e-10 s                  ; No                         ; Yes                        ; 2.62 V                      ; 9.95e-08 V                  ; 2.78 V             ; -0.0452 V          ; 0.248 V                             ; 0.108 V                             ; 2.67e-10 s                 ; 2.75e-10 s                 ; No                        ; Yes                       ;
; Pout[3]      ; 2.5 V        ; 0 s                 ; 0 s                 ; 2.62 V                       ; 9.95e-08 V                   ; 2.78 V              ; -0.0452 V           ; 0.248 V                              ; 0.108 V                              ; 2.67e-10 s                  ; 2.75e-10 s                  ; No                         ; Yes                        ; 2.62 V                      ; 9.95e-08 V                  ; 2.78 V             ; -0.0452 V          ; 0.248 V                             ; 0.108 V                             ; 2.67e-10 s                 ; 2.75e-10 s                 ; No                        ; Yes                       ;
; Pout[2]      ; 2.5 V        ; 0 s                 ; 0 s                 ; 2.62 V                       ; 9.95e-08 V                   ; 2.78 V              ; -0.0452 V           ; 0.248 V                              ; 0.108 V                              ; 2.67e-10 s                  ; 2.75e-10 s                  ; No                         ; Yes                        ; 2.62 V                      ; 9.95e-08 V                  ; 2.78 V             ; -0.0452 V          ; 0.248 V                             ; 0.108 V                             ; 2.67e-10 s                 ; 2.75e-10 s                 ; No                        ; Yes                       ;
; Pout[1]      ; 2.5 V        ; 0 s                 ; 0 s                 ; 2.62 V                       ; 9.94e-08 V                   ; 2.78 V              ; -0.0444 V           ; 0.25 V                               ; 0.107 V                              ; 2.67e-10 s                  ; 2.75e-10 s                  ; No                         ; Yes                        ; 2.62 V                      ; 9.94e-08 V                  ; 2.78 V             ; -0.0444 V          ; 0.25 V                              ; 0.107 V                             ; 2.67e-10 s                 ; 2.75e-10 s                 ; No                        ; Yes                       ;
; Pout[0]      ; 2.5 V        ; 0 s                 ; 0 s                 ; 2.62 V                       ; 9.94e-08 V                   ; 2.78 V              ; -0.0444 V           ; 0.25 V                               ; 0.107 V                              ; 2.67e-10 s                  ; 2.75e-10 s                  ; No                         ; Yes                        ; 2.62 V                      ; 9.94e-08 V                  ; 2.78 V             ; -0.0444 V          ; 0.25 V                              ; 0.107 V                             ; 2.67e-10 s                 ; 2.75e-10 s                 ; No                        ; Yes                       ;
; Qout[6]      ; 2.5 V        ; 0 s                 ; 0 s                 ; 2.62 V                       ; 9.95e-08 V                   ; 2.78 V              ; -0.0452 V           ; 0.248 V                              ; 0.108 V                              ; 2.67e-10 s                  ; 2.75e-10 s                  ; No                         ; Yes                        ; 2.62 V                      ; 9.95e-08 V                  ; 2.78 V             ; -0.0452 V          ; 0.248 V                             ; 0.108 V                             ; 2.67e-10 s                 ; 2.75e-10 s                 ; No                        ; Yes                       ;
; Qout[5]      ; 2.5 V        ; 0 s                 ; 0 s                 ; 2.62 V                       ; 9.94e-08 V                   ; 2.78 V              ; -0.0444 V           ; 0.25 V                               ; 0.107 V                              ; 2.67e-10 s                  ; 2.75e-10 s                  ; No                         ; Yes                        ; 2.62 V                      ; 9.94e-08 V                  ; 2.78 V             ; -0.0444 V          ; 0.25 V                              ; 0.107 V                             ; 2.67e-10 s                 ; 2.75e-10 s                 ; No                        ; Yes                       ;
; Qout[4]      ; 2.5 V        ; 0 s                 ; 0 s                 ; 2.62 V                       ; 9.95e-08 V                   ; 2.78 V              ; -0.0452 V           ; 0.248 V                              ; 0.108 V                              ; 2.67e-10 s                  ; 2.75e-10 s                  ; No                         ; Yes                        ; 2.62 V                      ; 9.95e-08 V                  ; 2.78 V             ; -0.0452 V          ; 0.248 V                             ; 0.108 V                             ; 2.67e-10 s                 ; 2.75e-10 s                 ; No                        ; Yes                       ;
; Qout[3]      ; 2.5 V        ; 0 s                 ; 0 s                 ; 2.62 V                       ; 9.94e-08 V                   ; 2.78 V              ; -0.0444 V           ; 0.25 V                               ; 0.107 V                              ; 2.67e-10 s                  ; 2.75e-10 s                  ; No                         ; Yes                        ; 2.62 V                      ; 9.94e-08 V                  ; 2.78 V             ; -0.0444 V          ; 0.25 V                              ; 0.107 V                             ; 2.67e-10 s                 ; 2.75e-10 s                 ; No                        ; Yes                       ;
; Qout[2]      ; 2.5 V        ; 0 s                 ; 0 s                 ; 2.62 V                       ; 9.95e-08 V                   ; 2.78 V              ; -0.0452 V           ; 0.248 V                              ; 0.108 V                              ; 2.67e-10 s                  ; 2.75e-10 s                  ; No                         ; Yes                        ; 2.62 V                      ; 9.95e-08 V                  ; 2.78 V             ; -0.0452 V          ; 0.248 V                             ; 0.108 V                             ; 2.67e-10 s                 ; 2.75e-10 s                 ; No                        ; Yes                       ;
; Qout[1]      ; 2.5 V        ; 0 s                 ; 0 s                 ; 2.62 V                       ; 9.94e-08 V                   ; 2.78 V              ; -0.0444 V           ; 0.25 V                               ; 0.107 V                              ; 2.67e-10 s                  ; 2.75e-10 s                  ; No                         ; Yes                        ; 2.62 V                      ; 9.94e-08 V                  ; 2.78 V             ; -0.0444 V          ; 0.25 V                              ; 0.107 V                             ; 2.67e-10 s                 ; 2.75e-10 s                 ; No                        ; Yes                       ;
; Qout[0]      ; 2.5 V        ; 0 s                 ; 0 s                 ; 2.62 V                       ; 9.94e-08 V                   ; 2.78 V              ; -0.0444 V           ; 0.25 V                               ; 0.107 V                              ; 2.67e-10 s                  ; 2.75e-10 s                  ; No                         ; Yes                        ; 2.62 V                      ; 9.94e-08 V                  ; 2.78 V             ; -0.0444 V          ; 0.25 V                              ; 0.107 V                             ; 2.67e-10 s                 ; 2.75e-10 s                 ; No                        ; Yes                       ;
; Rout[6]      ; 2.5 V        ; 0 s                 ; 0 s                 ; 2.62 V                       ; 9.95e-08 V                   ; 2.78 V              ; -0.0452 V           ; 0.248 V                              ; 0.108 V                              ; 2.67e-10 s                  ; 2.75e-10 s                  ; No                         ; Yes                        ; 2.62 V                      ; 9.95e-08 V                  ; 2.78 V             ; -0.0452 V          ; 0.248 V                             ; 0.108 V                             ; 2.67e-10 s                 ; 2.75e-10 s                 ; No                        ; Yes                       ;
; Rout[5]      ; 2.5 V        ; 0 s                 ; 0 s                 ; 2.62 V                       ; 9.94e-08 V                   ; 2.78 V              ; -0.0444 V           ; 0.25 V                               ; 0.107 V                              ; 2.67e-10 s                  ; 2.75e-10 s                  ; No                         ; Yes                        ; 2.62 V                      ; 9.94e-08 V                  ; 2.78 V             ; -0.0444 V          ; 0.25 V                              ; 0.107 V                             ; 2.67e-10 s                 ; 2.75e-10 s                 ; No                        ; Yes                       ;
; Rout[4]      ; 2.5 V        ; 0 s                 ; 0 s                 ; 2.62 V                       ; 9.94e-08 V                   ; 2.78 V              ; -0.0444 V           ; 0.25 V                               ; 0.107 V                              ; 2.67e-10 s                  ; 2.75e-10 s                  ; No                         ; Yes                        ; 2.62 V                      ; 9.94e-08 V                  ; 2.78 V             ; -0.0444 V          ; 0.25 V                              ; 0.107 V                             ; 2.67e-10 s                 ; 2.75e-10 s                 ; No                        ; Yes                       ;
; Rout[3]      ; 2.5 V        ; 0 s                 ; 0 s                 ; 2.62 V                       ; 9.94e-08 V                   ; 2.78 V              ; -0.0444 V           ; 0.25 V                               ; 0.107 V                              ; 2.67e-10 s                  ; 2.75e-10 s                  ; No                         ; Yes                        ; 2.62 V                      ; 9.94e-08 V                  ; 2.78 V             ; -0.0444 V          ; 0.25 V                              ; 0.107 V                             ; 2.67e-10 s                 ; 2.75e-10 s                 ; No                        ; Yes                       ;
; Rout[2]      ; 2.5 V        ; 0 s                 ; 0 s                 ; 2.62 V                       ; 9.95e-08 V                   ; 2.78 V              ; -0.0452 V           ; 0.248 V                              ; 0.108 V                              ; 2.67e-10 s                  ; 2.75e-10 s                  ; No                         ; Yes                        ; 2.62 V                      ; 9.95e-08 V                  ; 2.78 V             ; -0.0452 V          ; 0.248 V                             ; 0.108 V                             ; 2.67e-10 s                 ; 2.75e-10 s                 ; No                        ; Yes                       ;
; Rout[1]      ; 2.5 V        ; 0 s                 ; 0 s                 ; 2.62 V                       ; 9.95e-08 V                   ; 2.78 V              ; -0.0452 V           ; 0.248 V                              ; 0.108 V                              ; 2.67e-10 s                  ; 2.75e-10 s                  ; No                         ; Yes                        ; 2.62 V                      ; 9.95e-08 V                  ; 2.78 V             ; -0.0452 V          ; 0.248 V                             ; 0.108 V                             ; 2.67e-10 s                 ; 2.75e-10 s                 ; No                        ; Yes                       ;
; Rout[0]      ; 2.5 V        ; 0 s                 ; 0 s                 ; 2.62 V                       ; 9.94e-08 V                   ; 2.78 V              ; -0.0444 V           ; 0.25 V                               ; 0.107 V                              ; 2.67e-10 s                  ; 2.75e-10 s                  ; No                         ; Yes                        ; 2.62 V                      ; 9.94e-08 V                  ; 2.78 V             ; -0.0444 V          ; 0.25 V                              ; 0.107 V                             ; 2.67e-10 s                 ; 2.75e-10 s                 ; No                        ; Yes                       ;
; alarm        ; 2.5 V        ; 0 s                 ; 0 s                 ; 2.62 V                       ; 9.94e-08 V                   ; 2.78 V              ; -0.0444 V           ; 0.25 V                               ; 0.107 V                              ; 2.67e-10 s                  ; 2.75e-10 s                  ; No                         ; Yes                        ; 2.62 V                      ; 9.94e-08 V                  ; 2.78 V             ; -0.0444 V          ; 0.25 V                              ; 0.107 V                             ; 2.67e-10 s                 ; 2.75e-10 s                 ; No                        ; Yes                       ;
; setAlarmLED  ; 2.5 V        ; 0 s                 ; 0 s                 ; 2.62 V                       ; 9.95e-08 V                   ; 2.78 V              ; -0.0452 V           ; 0.248 V                              ; 0.108 V                              ; 2.67e-10 s                  ; 2.75e-10 s                  ; No                         ; Yes                        ; 2.62 V                      ; 9.95e-08 V                  ; 2.78 V             ; -0.0452 V          ; 0.248 V                             ; 0.108 V                             ; 2.67e-10 s                 ; 2.75e-10 s                 ; No                        ; Yes                       ;
; ~ALTERA_TDO~ ; 2.5 V        ; 0 s                 ; 0 s                 ; 2.62 V                       ; 1.68e-07 V                   ; 2.73 V              ; -0.0395 V           ; 0.361 V                              ; 0.109 V                              ; 3.1e-10 s                   ; 4.41e-10 s                  ; No                         ; Yes                        ; 2.62 V                      ; 1.68e-07 V                  ; 2.73 V             ; -0.0395 V          ; 0.361 V                             ; 0.109 V                             ; 3.1e-10 s                  ; 4.41e-10 s                 ; No                        ; Yes                       ;
+--------------+--------------+---------------------+---------------------+------------------------------+------------------------------+---------------------+---------------------+--------------------------------------+--------------------------------------+-----------------------------+-----------------------------+----------------------------+----------------------------+-----------------------------+-----------------------------+--------------------+--------------------+-------------------------------------+-------------------------------------+----------------------------+----------------------------+---------------------------+---------------------------+


+-------------------------------------------------------------------------------------------------------------------------------------------------------------------------+
; Setup Transfers                                                                                                                                                         ;
+--------------------------------------------------------------+--------------------------------------------------------------+----------+----------+----------+----------+
; From Clock                                                   ; To Clock                                                     ; RR Paths ; FR Paths ; RF Paths ; FF Paths ;
+--------------------------------------------------------------+--------------------------------------------------------------+----------+----------+----------+----------+
; alarmMode                                                    ; alarmMode                                                    ; 0        ; 0        ; 0        ; 120      ;
; alarmTime:Alarm|dividebyN:hour_low|OUT                       ; alarmMode                                                    ; 0        ; 0        ; 0        ; 12       ;
; timer:Clock|dividebyN:hour_low|OUT                           ; alarmMode                                                    ; 0        ; 0        ; 0        ; 12       ;
; alarmTime:Alarm|dividebyN:hour_low|OUT                       ; alarmTime:Alarm|dividebyN:hour_low|OUT                       ; 0        ; 0        ; 0        ; 15       ;
; alarmTime:Alarm|dividebyN:min_low|OUT                        ; alarmTime:Alarm|dividebyN:min_low|OUT                        ; 0        ; 0        ; 0        ; 7        ;
; alarmTime:Alarm|dividebyN:seconds_low|OUT                    ; alarmTime:Alarm|dividebyN:seconds_low|OUT                    ; 0        ; 0        ; 0        ; 7        ;
; alarmMode                                                    ; clock                                                        ; 0        ; 0        ; 0        ; 4        ;
; clock                                                        ; clock                                                        ; 0        ; 0        ; 0        ; 11       ;
; timer:Clock|dividebyN:hour_low|OUT                           ; clock                                                        ; 0        ; 0        ; 0        ; 4        ;
; StartStop                                                    ; StartStop                                                    ; 0        ; 0        ; 0        ; 1        ;
; timer:Clock|dividebyN:hour_low|OUT                           ; timer:Clock|dividebyN:hour_low|OUT                           ; 0        ; 0        ; 0        ; 15       ;
; alarmMode                                                    ; timer:Clock|dividebyN:min_low|OUT                            ; 0        ; 0        ; 0        ; 4        ;
; timer:Clock|dividebyN:hour_low|OUT                           ; timer:Clock|dividebyN:min_low|OUT                            ; 0        ; 0        ; 0        ; 4        ;
; timer:Clock|dividebyN:min_low|OUT                            ; timer:Clock|dividebyN:min_low|OUT                            ; 0        ; 0        ; 0        ; 10       ;
; alarmMode                                                    ; timer:Clock|dividebyN:seconds_low|OUT                        ; 0        ; 0        ; 0        ; 4        ;
; timer:Clock|dividebyN:hour_low|OUT                           ; timer:Clock|dividebyN:seconds_low|OUT                        ; 0        ; 0        ; 0        ; 4        ;
; timer:Clock|dividebyN:seconds_low|OUT                        ; timer:Clock|dividebyN:seconds_low|OUT                        ; 0        ; 0        ; 0        ; 10       ;
; alarmMode                                                    ; timer:Clock|oneHz:OneHzClockGenerator|dividebyN:div5|OUT     ; 0        ; 0        ; 0        ; 4        ;
; timer:Clock|dividebyN:hour_low|OUT                           ; timer:Clock|oneHz:OneHzClockGenerator|dividebyN:div5|OUT     ; 0        ; 0        ; 0        ; 4        ;
; timer:Clock|oneHz:OneHzClockGenerator|dividebyN:div5|OUT     ; timer:Clock|oneHz:OneHzClockGenerator|dividebyN:div5|OUT     ; 0        ; 0        ; 0        ; 16       ;
; alarmMode                                                    ; timer:Clock|oneHz:OneHzClockGenerator|dividebyN:div10|OUT    ; 0        ; 0        ; 0        ; 4        ;
; timer:Clock|dividebyN:hour_low|OUT                           ; timer:Clock|oneHz:OneHzClockGenerator|dividebyN:div10|OUT    ; 0        ; 0        ; 0        ; 4        ;
; timer:Clock|oneHz:OneHzClockGenerator|dividebyN:div10|OUT    ; timer:Clock|oneHz:OneHzClockGenerator|dividebyN:div10|OUT    ; 0        ; 0        ; 0        ; 265      ;
; alarmMode                                                    ; timer:Clock|oneHz:OneHzClockGenerator|dividebyN:div1000L|OUT ; 0        ; 0        ; 0        ; 4        ;
; timer:Clock|dividebyN:hour_low|OUT                           ; timer:Clock|oneHz:OneHzClockGenerator|dividebyN:div1000L|OUT ; 0        ; 0        ; 0        ; 4        ;
; timer:Clock|oneHz:OneHzClockGenerator|dividebyN:div1000L|OUT ; timer:Clock|oneHz:OneHzClockGenerator|dividebyN:div1000L|OUT ; 0        ; 0        ; 0        ; 265      ;
+--------------------------------------------------------------+--------------------------------------------------------------+----------+----------+----------+----------+
Entries labeled "false path" only account for clock-to-clock false paths and not path-based false paths. As a result, actual path counts may be lower than reported.


+-------------------------------------------------------------------------------------------------------------------------------------------------------------------------+
; Hold Transfers                                                                                                                                                          ;
+--------------------------------------------------------------+--------------------------------------------------------------+----------+----------+----------+----------+
; From Clock                                                   ; To Clock                                                     ; RR Paths ; FR Paths ; RF Paths ; FF Paths ;
+--------------------------------------------------------------+--------------------------------------------------------------+----------+----------+----------+----------+
; alarmMode                                                    ; alarmMode                                                    ; 0        ; 0        ; 0        ; 120      ;
; alarmTime:Alarm|dividebyN:hour_low|OUT                       ; alarmMode                                                    ; 0        ; 0        ; 0        ; 12       ;
; timer:Clock|dividebyN:hour_low|OUT                           ; alarmMode                                                    ; 0        ; 0        ; 0        ; 12       ;
; alarmTime:Alarm|dividebyN:hour_low|OUT                       ; alarmTime:Alarm|dividebyN:hour_low|OUT                       ; 0        ; 0        ; 0        ; 15       ;
; alarmTime:Alarm|dividebyN:min_low|OUT                        ; alarmTime:Alarm|dividebyN:min_low|OUT                        ; 0        ; 0        ; 0        ; 7        ;
; alarmTime:Alarm|dividebyN:seconds_low|OUT                    ; alarmTime:Alarm|dividebyN:seconds_low|OUT                    ; 0        ; 0        ; 0        ; 7        ;
; alarmMode                                                    ; clock                                                        ; 0        ; 0        ; 0        ; 4        ;
; clock                                                        ; clock                                                        ; 0        ; 0        ; 0        ; 11       ;
; timer:Clock|dividebyN:hour_low|OUT                           ; clock                                                        ; 0        ; 0        ; 0        ; 4        ;
; StartStop                                                    ; StartStop                                                    ; 0        ; 0        ; 0        ; 1        ;
; timer:Clock|dividebyN:hour_low|OUT                           ; timer:Clock|dividebyN:hour_low|OUT                           ; 0        ; 0        ; 0        ; 15       ;
; alarmMode                                                    ; timer:Clock|dividebyN:min_low|OUT                            ; 0        ; 0        ; 0        ; 4        ;
; timer:Clock|dividebyN:hour_low|OUT                           ; timer:Clock|dividebyN:min_low|OUT                            ; 0        ; 0        ; 0        ; 4        ;
; timer:Clock|dividebyN:min_low|OUT                            ; timer:Clock|dividebyN:min_low|OUT                            ; 0        ; 0        ; 0        ; 10       ;
; alarmMode                                                    ; timer:Clock|dividebyN:seconds_low|OUT                        ; 0        ; 0        ; 0        ; 4        ;
; timer:Clock|dividebyN:hour_low|OUT                           ; timer:Clock|dividebyN:seconds_low|OUT                        ; 0        ; 0        ; 0        ; 4        ;
; timer:Clock|dividebyN:seconds_low|OUT                        ; timer:Clock|dividebyN:seconds_low|OUT                        ; 0        ; 0        ; 0        ; 10       ;
; alarmMode                                                    ; timer:Clock|oneHz:OneHzClockGenerator|dividebyN:div5|OUT     ; 0        ; 0        ; 0        ; 4        ;
; timer:Clock|dividebyN:hour_low|OUT                           ; timer:Clock|oneHz:OneHzClockGenerator|dividebyN:div5|OUT     ; 0        ; 0        ; 0        ; 4        ;
; timer:Clock|oneHz:OneHzClockGenerator|dividebyN:div5|OUT     ; timer:Clock|oneHz:OneHzClockGenerator|dividebyN:div5|OUT     ; 0        ; 0        ; 0        ; 16       ;
; alarmMode                                                    ; timer:Clock|oneHz:OneHzClockGenerator|dividebyN:div10|OUT    ; 0        ; 0        ; 0        ; 4        ;
; timer:Clock|dividebyN:hour_low|OUT                           ; timer:Clock|oneHz:OneHzClockGenerator|dividebyN:div10|OUT    ; 0        ; 0        ; 0        ; 4        ;
; timer:Clock|oneHz:OneHzClockGenerator|dividebyN:div10|OUT    ; timer:Clock|oneHz:OneHzClockGenerator|dividebyN:div10|OUT    ; 0        ; 0        ; 0        ; 265      ;
; alarmMode                                                    ; timer:Clock|oneHz:OneHzClockGenerator|dividebyN:div1000L|OUT ; 0        ; 0        ; 0        ; 4        ;
; timer:Clock|dividebyN:hour_low|OUT                           ; timer:Clock|oneHz:OneHzClockGenerator|dividebyN:div1000L|OUT ; 0        ; 0        ; 0        ; 4        ;
; timer:Clock|oneHz:OneHzClockGenerator|dividebyN:div1000L|OUT ; timer:Clock|oneHz:OneHzClockGenerator|dividebyN:div1000L|OUT ; 0        ; 0        ; 0        ; 265      ;
+--------------------------------------------------------------+--------------------------------------------------------------+----------+----------+----------+----------+
Entries labeled "false path" only account for clock-to-clock false paths and not path-based false paths. As a result, actual path counts may be lower than reported.


+---------------------------------------------------------------------------------------------------------------------------------------------------+
; Recovery Transfers                                                                                                                                ;
+----------------------------------------+--------------------------------------------------------------+----------+----------+----------+----------+
; From Clock                             ; To Clock                                                     ; RR Paths ; FR Paths ; RF Paths ; FF Paths ;
+----------------------------------------+--------------------------------------------------------------+----------+----------+----------+----------+
; alarmMode                              ; alarmMode                                                    ; 0        ; 0        ; 0        ; 96       ;
; alarmTime:Alarm|dividebyN:hour_low|OUT ; alarmMode                                                    ; 0        ; 0        ; 0        ; 48       ;
; timer:Clock|dividebyN:hour_low|OUT     ; alarmMode                                                    ; 0        ; 0        ; 0        ; 48       ;
; alarmMode                              ; alarmTime:Alarm|dividebyN:hour_low|OUT                       ; 0        ; 0        ; 0        ; 16       ;
; alarmTime:Alarm|dividebyN:hour_low|OUT ; alarmTime:Alarm|dividebyN:hour_low|OUT                       ; 0        ; 0        ; 0        ; 16       ;
; alarmMode                              ; alarmTime:Alarm|dividebyN:min_low|OUT                        ; 0        ; 0        ; 0        ; 12       ;
; alarmTime:Alarm|dividebyN:hour_low|OUT ; alarmTime:Alarm|dividebyN:min_low|OUT                        ; 0        ; 0        ; 0        ; 12       ;
; alarmMode                              ; alarmTime:Alarm|dividebyN:seconds_low|OUT                    ; 0        ; 0        ; 0        ; 12       ;
; alarmTime:Alarm|dividebyN:hour_low|OUT ; alarmTime:Alarm|dividebyN:seconds_low|OUT                    ; 0        ; 0        ; 0        ; 12       ;
; alarmMode                              ; clock                                                        ; 0        ; 0        ; 0        ; 12       ;
; timer:Clock|dividebyN:hour_low|OUT     ; clock                                                        ; 0        ; 0        ; 0        ; 12       ;
; alarmMode                              ; timer:Clock|dividebyN:hour_low|OUT                           ; 0        ; 0        ; 0        ; 16       ;
; timer:Clock|dividebyN:hour_low|OUT     ; timer:Clock|dividebyN:hour_low|OUT                           ; 0        ; 0        ; 0        ; 16       ;
; alarmMode                              ; timer:Clock|dividebyN:min_low|OUT                            ; 0        ; 0        ; 0        ; 12       ;
; timer:Clock|dividebyN:hour_low|OUT     ; timer:Clock|dividebyN:min_low|OUT                            ; 0        ; 0        ; 0        ; 12       ;
; alarmMode                              ; timer:Clock|dividebyN:seconds_low|OUT                        ; 0        ; 0        ; 0        ; 12       ;
; timer:Clock|dividebyN:hour_low|OUT     ; timer:Clock|dividebyN:seconds_low|OUT                        ; 0        ; 0        ; 0        ; 12       ;
; alarmMode                              ; timer:Clock|oneHz:OneHzClockGenerator|dividebyN:div5|OUT     ; 0        ; 0        ; 0        ; 16       ;
; timer:Clock|dividebyN:hour_low|OUT     ; timer:Clock|oneHz:OneHzClockGenerator|dividebyN:div5|OUT     ; 0        ; 0        ; 0        ; 16       ;
; alarmMode                              ; timer:Clock|oneHz:OneHzClockGenerator|dividebyN:div10|OUT    ; 0        ; 0        ; 0        ; 40       ;
; timer:Clock|dividebyN:hour_low|OUT     ; timer:Clock|oneHz:OneHzClockGenerator|dividebyN:div10|OUT    ; 0        ; 0        ; 0        ; 40       ;
; alarmMode                              ; timer:Clock|oneHz:OneHzClockGenerator|dividebyN:div1000L|OUT ; 0        ; 0        ; 0        ; 40       ;
; timer:Clock|dividebyN:hour_low|OUT     ; timer:Clock|oneHz:OneHzClockGenerator|dividebyN:div1000L|OUT ; 0        ; 0        ; 0        ; 40       ;
+----------------------------------------+--------------------------------------------------------------+----------+----------+----------+----------+
Entries labeled "false path" only account for clock-to-clock false paths and not path-based false paths. As a result, actual path counts may be lower than reported.


+---------------------------------------------------------------------------------------------------------------------------------------------------+
; Removal Transfers                                                                                                                                 ;
+----------------------------------------+--------------------------------------------------------------+----------+----------+----------+----------+
; From Clock                             ; To Clock                                                     ; RR Paths ; FR Paths ; RF Paths ; FF Paths ;
+----------------------------------------+--------------------------------------------------------------+----------+----------+----------+----------+
; alarmMode                              ; alarmMode                                                    ; 0        ; 0        ; 0        ; 96       ;
; alarmTime:Alarm|dividebyN:hour_low|OUT ; alarmMode                                                    ; 0        ; 0        ; 0        ; 48       ;
; timer:Clock|dividebyN:hour_low|OUT     ; alarmMode                                                    ; 0        ; 0        ; 0        ; 48       ;
; alarmMode                              ; alarmTime:Alarm|dividebyN:hour_low|OUT                       ; 0        ; 0        ; 0        ; 16       ;
; alarmTime:Alarm|dividebyN:hour_low|OUT ; alarmTime:Alarm|dividebyN:hour_low|OUT                       ; 0        ; 0        ; 0        ; 16       ;
; alarmMode                              ; alarmTime:Alarm|dividebyN:min_low|OUT                        ; 0        ; 0        ; 0        ; 12       ;
; alarmTime:Alarm|dividebyN:hour_low|OUT ; alarmTime:Alarm|dividebyN:min_low|OUT                        ; 0        ; 0        ; 0        ; 12       ;
; alarmMode                              ; alarmTime:Alarm|dividebyN:seconds_low|OUT                    ; 0        ; 0        ; 0        ; 12       ;
; alarmTime:Alarm|dividebyN:hour_low|OUT ; alarmTime:Alarm|dividebyN:seconds_low|OUT                    ; 0        ; 0        ; 0        ; 12       ;
; alarmMode                              ; clock                                                        ; 0        ; 0        ; 0        ; 12       ;
; timer:Clock|dividebyN:hour_low|OUT     ; clock                                                        ; 0        ; 0        ; 0        ; 12       ;
; alarmMode                              ; timer:Clock|dividebyN:hour_low|OUT                           ; 0        ; 0        ; 0        ; 16       ;
; timer:Clock|dividebyN:hour_low|OUT     ; timer:Clock|dividebyN:hour_low|OUT                           ; 0        ; 0        ; 0        ; 16       ;
; alarmMode                              ; timer:Clock|dividebyN:min_low|OUT                            ; 0        ; 0        ; 0        ; 12       ;
; timer:Clock|dividebyN:hour_low|OUT     ; timer:Clock|dividebyN:min_low|OUT                            ; 0        ; 0        ; 0        ; 12       ;
; alarmMode                              ; timer:Clock|dividebyN:seconds_low|OUT                        ; 0        ; 0        ; 0        ; 12       ;
; timer:Clock|dividebyN:hour_low|OUT     ; timer:Clock|dividebyN:seconds_low|OUT                        ; 0        ; 0        ; 0        ; 12       ;
; alarmMode                              ; timer:Clock|oneHz:OneHzClockGenerator|dividebyN:div5|OUT     ; 0        ; 0        ; 0        ; 16       ;
; timer:Clock|dividebyN:hour_low|OUT     ; timer:Clock|oneHz:OneHzClockGenerator|dividebyN:div5|OUT     ; 0        ; 0        ; 0        ; 16       ;
; alarmMode                              ; timer:Clock|oneHz:OneHzClockGenerator|dividebyN:div10|OUT    ; 0        ; 0        ; 0        ; 40       ;
; timer:Clock|dividebyN:hour_low|OUT     ; timer:Clock|oneHz:OneHzClockGenerator|dividebyN:div10|OUT    ; 0        ; 0        ; 0        ; 40       ;
; alarmMode                              ; timer:Clock|oneHz:OneHzClockGenerator|dividebyN:div1000L|OUT ; 0        ; 0        ; 0        ; 40       ;
; timer:Clock|dividebyN:hour_low|OUT     ; timer:Clock|oneHz:OneHzClockGenerator|dividebyN:div1000L|OUT ; 0        ; 0        ; 0        ; 40       ;
+----------------------------------------+--------------------------------------------------------------+----------+----------+----------+----------+
Entries labeled "false path" only account for clock-to-clock false paths and not path-based false paths. As a result, actual path counts may be lower than reported.


---------------
; Report TCCS ;
---------------
No dedicated SERDES Transmitter circuitry present in device or used in design


---------------
; Report RSKM ;
---------------
No non-DPA dedicated SERDES Receiver circuitry present in device or used in design


+------------------------------------------------+
; Unconstrained Paths Summary                    ;
+---------------------------------+-------+------+
; Property                        ; Setup ; Hold ;
+---------------------------------+-------+------+
; Illegal Clocks                  ; 0     ; 0    ;
; Unconstrained Clocks            ; 0     ; 0    ;
; Unconstrained Input Ports       ; 3     ; 3    ;
; Unconstrained Input Port Paths  ; 127   ; 127  ;
; Unconstrained Output Ports      ; 44    ; 44   ;
; Unconstrained Output Port Paths ; 396   ; 396  ;
+---------------------------------+-------+------+


+--------------------------------------------------------------------------------------------------------------------------------------------------+
; Clock Status Summary                                                                                                                             ;
+--------------------------------------------------------------+--------------------------------------------------------------+------+-------------+
; Target                                                       ; Clock                                                        ; Type ; Status      ;
+--------------------------------------------------------------+--------------------------------------------------------------+------+-------------+
; StartStop                                                    ; StartStop                                                    ; Base ; Constrained ;
; alarmMode                                                    ; alarmMode                                                    ; Base ; Constrained ;
; alarmTime:Alarm|dividebyN:hour_low|OUT                       ; alarmTime:Alarm|dividebyN:hour_low|OUT                       ; Base ; Constrained ;
; alarmTime:Alarm|dividebyN:min_low|OUT                        ; alarmTime:Alarm|dividebyN:min_low|OUT                        ; Base ; Constrained ;
; alarmTime:Alarm|dividebyN:seconds_low|OUT                    ; alarmTime:Alarm|dividebyN:seconds_low|OUT                    ; Base ; Constrained ;
; clock                                                        ; clock                                                        ; Base ; Constrained ;
; timer:Clock|dividebyN:hour_low|OUT                           ; timer:Clock|dividebyN:hour_low|OUT                           ; Base ; Constrained ;
; timer:Clock|dividebyN:min_low|OUT                            ; timer:Clock|dividebyN:min_low|OUT                            ; Base ; Constrained ;
; timer:Clock|dividebyN:seconds_low|OUT                        ; timer:Clock|dividebyN:seconds_low|OUT                        ; Base ; Constrained ;
; timer:Clock|oneHz:OneHzClockGenerator|dividebyN:div5|OUT     ; timer:Clock|oneHz:OneHzClockGenerator|dividebyN:div5|OUT     ; Base ; Constrained ;
; timer:Clock|oneHz:OneHzClockGenerator|dividebyN:div10|OUT    ; timer:Clock|oneHz:OneHzClockGenerator|dividebyN:div10|OUT    ; Base ; Constrained ;
; timer:Clock|oneHz:OneHzClockGenerator|dividebyN:div1000L|OUT ; timer:Clock|oneHz:OneHzClockGenerator|dividebyN:div1000L|OUT ; Base ; Constrained ;
+--------------------------------------------------------------+--------------------------------------------------------------+------+-------------+


+---------------------------------------------------------------------------------------------------+
; Unconstrained Input Ports                                                                         ;
+------------+--------------------------------------------------------------------------------------+
; Input Port ; Comment                                                                              ;
+------------+--------------------------------------------------------------------------------------+
; alarmMode  ; No input delay, min/max delays, false-path exceptions, or max skew assignments found ;
; reset      ; No input delay, min/max delays, false-path exceptions, or max skew assignments found ;
; setAlarm   ; No input delay, min/max delays, false-path exceptions, or max skew assignments found ;
+------------+--------------------------------------------------------------------------------------+


+-----------------------------------------------------------------------------------------------------+
; Unconstrained Output Ports                                                                          ;
+-------------+---------------------------------------------------------------------------------------+
; Output Port ; Comment                                                                               ;
+-------------+---------------------------------------------------------------------------------------+
; Mout[0]     ; No output delay, min/max delays, false-path exceptions, or max skew assignments found ;
; Mout[1]     ; No output delay, min/max delays, false-path exceptions, or max skew assignments found ;
; Mout[2]     ; No output delay, min/max delays, false-path exceptions, or max skew assignments found ;
; Mout[3]     ; No output delay, min/max delays, false-path exceptions, or max skew assignments found ;
; Mout[4]     ; No output delay, min/max delays, false-path exceptions, or max skew assignments found ;
; Mout[5]     ; No output delay, min/max delays, false-path exceptions, or max skew assignments found ;
; Mout[6]     ; No output delay, min/max delays, false-path exceptions, or max skew assignments found ;
; Nout[0]     ; No output delay, min/max delays, false-path exceptions, or max skew assignments found ;
; Nout[1]     ; No output delay, min/max delays, false-path exceptions, or max skew assignments found ;
; Nout[2]     ; No output delay, min/max delays, false-path exceptions, or max skew assignments found ;
; Nout[3]     ; No output delay, min/max delays, false-path exceptions, or max skew assignments found ;
; Nout[4]     ; No output delay, min/max delays, false-path exceptions, or max skew assignments found ;
; Nout[5]     ; No output delay, min/max delays, false-path exceptions, or max skew assignments found ;
; Nout[6]     ; No output delay, min/max delays, false-path exceptions, or max skew assignments found ;
; Oout[0]     ; No output delay, min/max delays, false-path exceptions, or max skew assignments found ;
; Oout[1]     ; No output delay, min/max delays, false-path exceptions, or max skew assignments found ;
; Oout[2]     ; No output delay, min/max delays, false-path exceptions, or max skew assignments found ;
; Oout[3]     ; No output delay, min/max delays, false-path exceptions, or max skew assignments found ;
; Oout[4]     ; No output delay, min/max delays, false-path exceptions, or max skew assignments found ;
; Oout[5]     ; No output delay, min/max delays, false-path exceptions, or max skew assignments found ;
; Oout[6]     ; No output delay, min/max delays, false-path exceptions, or max skew assignments found ;
; Pout[0]     ; No output delay, min/max delays, false-path exceptions, or max skew assignments found ;
; Pout[1]     ; No output delay, min/max delays, false-path exceptions, or max skew assignments found ;
; Pout[2]     ; No output delay, min/max delays, false-path exceptions, or max skew assignments found ;
; Pout[3]     ; No output delay, min/max delays, false-path exceptions, or max skew assignments found ;
; Pout[4]     ; No output delay, min/max delays, false-path exceptions, or max skew assignments found ;
; Pout[5]     ; No output delay, min/max delays, false-path exceptions, or max skew assignments found ;
; Pout[6]     ; No output delay, min/max delays, false-path exceptions, or max skew assignments found ;
; Qout[0]     ; No output delay, min/max delays, false-path exceptions, or max skew assignments found ;
; Qout[1]     ; No output delay, min/max delays, false-path exceptions, or max skew assignments found ;
; Qout[2]     ; No output delay, min/max delays, false-path exceptions, or max skew assignments found ;
; Qout[3]     ; No output delay, min/max delays, false-path exceptions, or max skew assignments found ;
; Qout[4]     ; No output delay, min/max delays, false-path exceptions, or max skew assignments found ;
; Qout[5]     ; No output delay, min/max delays, false-path exceptions, or max skew assignments found ;
; Qout[6]     ; No output delay, min/max delays, false-path exceptions, or max skew assignments found ;
; Rout[0]     ; No output delay, min/max delays, false-path exceptions, or max skew assignments found ;
; Rout[1]     ; No output delay, min/max delays, false-path exceptions, or max skew assignments found ;
; Rout[2]     ; No output delay, min/max delays, false-path exceptions, or max skew assignments found ;
; Rout[3]     ; No output delay, min/max delays, false-path exceptions, or max skew assignments found ;
; Rout[4]     ; No output delay, min/max delays, false-path exceptions, or max skew assignments found ;
; Rout[5]     ; No output delay, min/max delays, false-path exceptions, or max skew assignments found ;
; Rout[6]     ; No output delay, min/max delays, false-path exceptions, or max skew assignments found ;
; alarm       ; No output delay, min/max delays, false-path exceptions, or max skew assignments found ;
; setAlarmLED ; No output delay, min/max delays, false-path exceptions, or max skew assignments found ;
+-------------+---------------------------------------------------------------------------------------+


+---------------------------------------------------------------------------------------------------+
; Unconstrained Input Ports                                                                         ;
+------------+--------------------------------------------------------------------------------------+
; Input Port ; Comment                                                                              ;
+------------+--------------------------------------------------------------------------------------+
; alarmMode  ; No input delay, min/max delays, false-path exceptions, or max skew assignments found ;
; reset      ; No input delay, min/max delays, false-path exceptions, or max skew assignments found ;
; setAlarm   ; No input delay, min/max delays, false-path exceptions, or max skew assignments found ;
+------------+--------------------------------------------------------------------------------------+


+-----------------------------------------------------------------------------------------------------+
; Unconstrained Output Ports                                                                          ;
+-------------+---------------------------------------------------------------------------------------+
; Output Port ; Comment                                                                               ;
+-------------+---------------------------------------------------------------------------------------+
; Mout[0]     ; No output delay, min/max delays, false-path exceptions, or max skew assignments found ;
; Mout[1]     ; No output delay, min/max delays, false-path exceptions, or max skew assignments found ;
; Mout[2]     ; No output delay, min/max delays, false-path exceptions, or max skew assignments found ;
; Mout[3]     ; No output delay, min/max delays, false-path exceptions, or max skew assignments found ;
; Mout[4]     ; No output delay, min/max delays, false-path exceptions, or max skew assignments found ;
; Mout[5]     ; No output delay, min/max delays, false-path exceptions, or max skew assignments found ;
; Mout[6]     ; No output delay, min/max delays, false-path exceptions, or max skew assignments found ;
; Nout[0]     ; No output delay, min/max delays, false-path exceptions, or max skew assignments found ;
; Nout[1]     ; No output delay, min/max delays, false-path exceptions, or max skew assignments found ;
; Nout[2]     ; No output delay, min/max delays, false-path exceptions, or max skew assignments found ;
; Nout[3]     ; No output delay, min/max delays, false-path exceptions, or max skew assignments found ;
; Nout[4]     ; No output delay, min/max delays, false-path exceptions, or max skew assignments found ;
; Nout[5]     ; No output delay, min/max delays, false-path exceptions, or max skew assignments found ;
; Nout[6]     ; No output delay, min/max delays, false-path exceptions, or max skew assignments found ;
; Oout[0]     ; No output delay, min/max delays, false-path exceptions, or max skew assignments found ;
; Oout[1]     ; No output delay, min/max delays, false-path exceptions, or max skew assignments found ;
; Oout[2]     ; No output delay, min/max delays, false-path exceptions, or max skew assignments found ;
; Oout[3]     ; No output delay, min/max delays, false-path exceptions, or max skew assignments found ;
; Oout[4]     ; No output delay, min/max delays, false-path exceptions, or max skew assignments found ;
; Oout[5]     ; No output delay, min/max delays, false-path exceptions, or max skew assignments found ;
; Oout[6]     ; No output delay, min/max delays, false-path exceptions, or max skew assignments found ;
; Pout[0]     ; No output delay, min/max delays, false-path exceptions, or max skew assignments found ;
; Pout[1]     ; No output delay, min/max delays, false-path exceptions, or max skew assignments found ;
; Pout[2]     ; No output delay, min/max delays, false-path exceptions, or max skew assignments found ;
; Pout[3]     ; No output delay, min/max delays, false-path exceptions, or max skew assignments found ;
; Pout[4]     ; No output delay, min/max delays, false-path exceptions, or max skew assignments found ;
; Pout[5]     ; No output delay, min/max delays, false-path exceptions, or max skew assignments found ;
; Pout[6]     ; No output delay, min/max delays, false-path exceptions, or max skew assignments found ;
; Qout[0]     ; No output delay, min/max delays, false-path exceptions, or max skew assignments found ;
; Qout[1]     ; No output delay, min/max delays, false-path exceptions, or max skew assignments found ;
; Qout[2]     ; No output delay, min/max delays, false-path exceptions, or max skew assignments found ;
; Qout[3]     ; No output delay, min/max delays, false-path exceptions, or max skew assignments found ;
; Qout[4]     ; No output delay, min/max delays, false-path exceptions, or max skew assignments found ;
; Qout[5]     ; No output delay, min/max delays, false-path exceptions, or max skew assignments found ;
; Qout[6]     ; No output delay, min/max delays, false-path exceptions, or max skew assignments found ;
; Rout[0]     ; No output delay, min/max delays, false-path exceptions, or max skew assignments found ;
; Rout[1]     ; No output delay, min/max delays, false-path exceptions, or max skew assignments found ;
; Rout[2]     ; No output delay, min/max delays, false-path exceptions, or max skew assignments found ;
; Rout[3]     ; No output delay, min/max delays, false-path exceptions, or max skew assignments found ;
; Rout[4]     ; No output delay, min/max delays, false-path exceptions, or max skew assignments found ;
; Rout[5]     ; No output delay, min/max delays, false-path exceptions, or max skew assignments found ;
; Rout[6]     ; No output delay, min/max delays, false-path exceptions, or max skew assignments found ;
; alarm       ; No output delay, min/max delays, false-path exceptions, or max skew assignments found ;
; setAlarmLED ; No output delay, min/max delays, false-path exceptions, or max skew assignments found ;
+-------------+---------------------------------------------------------------------------------------+


+--------------------------+
; Timing Analyzer Messages ;
+--------------------------+
Info: *******************************************************************
Info: Running Quartus Prime Timing Analyzer
    Info: Version 20.1.1 Build 720 11/11/2020 SJ Lite Edition
    Info: Processing started: Mon Dec 02 13:57:12 2024
Info: Command: quartus_sta alarm -c alarm
Info: qsta_default_script.tcl version: #1
Warning (18236): Number of processors has not been specified which may cause overloading on shared machines.  Set the global assignment NUM_PARALLEL_PROCESSORS in your QSF to an appropriate value for best performance.
Info (20030): Parallel compilation is enabled and will use 4 of the 4 processors detected
Info (21077): Low junction temperature is 0 degrees C
Info (21077): High junction temperature is 85 degrees C
Critical Warning (332012): Synopsys Design Constraints File file not found: 'alarm.sdc'. A Synopsys Design Constraints File is required by the Timing Analyzer to get proper timing constraints. Without it, the Compiler will not properly optimize the design.
Info (332142): No user constrained base clocks found in the design. Calling "derive_clocks -period 1.0"
Info (332105): Deriving Clocks
    Info (332105): create_clock -period 1.000 -name timer:Clock|oneHz:OneHzClockGenerator|dividebyN:div1000L|OUT timer:Clock|oneHz:OneHzClockGenerator|dividebyN:div1000L|OUT
    Info (332105): create_clock -period 1.000 -name alarmMode alarmMode
    Info (332105): create_clock -period 1.000 -name timer:Clock|dividebyN:min_low|OUT timer:Clock|dividebyN:min_low|OUT
    Info (332105): create_clock -period 1.000 -name timer:Clock|dividebyN:seconds_low|OUT timer:Clock|dividebyN:seconds_low|OUT
    Info (332105): create_clock -period 1.000 -name timer:Clock|oneHz:OneHzClockGenerator|dividebyN:div10|OUT timer:Clock|oneHz:OneHzClockGenerator|dividebyN:div10|OUT
    Info (332105): create_clock -period 1.000 -name timer:Clock|oneHz:OneHzClockGenerator|dividebyN:div5|OUT timer:Clock|oneHz:OneHzClockGenerator|dividebyN:div5|OUT
    Info (332105): create_clock -period 1.000 -name clock clock
    Info (332105): create_clock -period 1.000 -name StartStop StartStop
    Info (332105): create_clock -period 1.000 -name timer:Clock|dividebyN:hour_low|OUT timer:Clock|dividebyN:hour_low|OUT
    Info (332105): create_clock -period 1.000 -name alarmTime:Alarm|dividebyN:hour_low|OUT alarmTime:Alarm|dividebyN:hour_low|OUT
    Info (332105): create_clock -period 1.000 -name alarmTime:Alarm|dividebyN:min_low|OUT alarmTime:Alarm|dividebyN:min_low|OUT
    Info (332105): create_clock -period 1.000 -name alarmTime:Alarm|dividebyN:seconds_low|OUT alarmTime:Alarm|dividebyN:seconds_low|OUT
Warning (332125): Found combinational loop of 2 nodes File: C:/alarmClock/alarm/alarm.v Line: 5
    Warning (332126): Node "alarm~3|datad"
    Warning (332126): Node "alarm~3|combout"
Info (332143): No user constrained clock uncertainty found in the design. Calling "derive_clock_uncertainty"
Info (332123): Deriving Clock Uncertainty. Please refer to report_sdc in the Timing Analyzer to see clock uncertainties.
Info: Found TIMING_ANALYZER_REPORT_SCRIPT_INCLUDE_DEFAULT_ANALYSIS = ON
Info: Analyzing Slow 1200mV 85C Model
Info: Can't run Report Timing Closure Recommendations. The current device family is not supported.
Critical Warning (332148): Timing requirements not met
Info (332146): Worst-case setup slack is -6.319
    Info (332119):     Slack       End Point TNS Clock 
    Info (332119): ========= =================== =====================
    Info (332119):    -6.319              -6.781 timer:Clock|oneHz:OneHzClockGenerator|dividebyN:div5|OUT 
    Info (332119):    -6.305              -7.907 timer:Clock|dividebyN:min_low|OUT 
    Info (332119):    -6.206              -6.497 timer:Clock|dividebyN:seconds_low|OUT 
    Info (332119):    -5.812             -25.504 timer:Clock|oneHz:OneHzClockGenerator|dividebyN:div10|OUT 
    Info (332119):    -5.606             -27.929 alarmMode 
    Info (332119):    -5.594             -29.892 timer:Clock|oneHz:OneHzClockGenerator|dividebyN:div1000L|OUT 
    Info (332119):    -5.143              -5.546 clock 
    Info (332119):    -0.464              -1.276 timer:Clock|dividebyN:hour_low|OUT 
    Info (332119):    -0.352              -0.919 alarmTime:Alarm|dividebyN:hour_low|OUT 
    Info (332119):    -0.214              -0.378 alarmTime:Alarm|dividebyN:seconds_low|OUT 
    Info (332119):    -0.191              -0.351 alarmTime:Alarm|dividebyN:min_low|OUT 
    Info (332119):     0.298               0.000 StartStop 
Info (332146): Worst-case hold slack is 0.324
    Info (332119):     Slack       End Point TNS Clock 
    Info (332119): ========= =================== =====================
    Info (332119):     0.324               0.000 timer:Clock|dividebyN:min_low|OUT 
    Info (332119):     0.330               0.000 alarmTime:Alarm|dividebyN:min_low|OUT 
    Info (332119):     0.330               0.000 alarmTime:Alarm|dividebyN:seconds_low|OUT 
    Info (332119):     0.341               0.000 alarmMode 
    Info (332119):     0.341               0.000 clock 
    Info (332119):     0.342               0.000 timer:Clock|dividebyN:seconds_low|OUT 
    Info (332119):     0.343               0.000 timer:Clock|dividebyN:hour_low|OUT 
    Info (332119):     0.343               0.000 timer:Clock|oneHz:OneHzClockGenerator|dividebyN:div5|OUT 
    Info (332119):     0.348               0.000 alarmTime:Alarm|dividebyN:hour_low|OUT 
    Info (332119):     0.393               0.000 StartStop 
    Info (332119):     0.854               0.000 timer:Clock|oneHz:OneHzClockGenerator|dividebyN:div10|OUT 
    Info (332119):     1.171               0.000 timer:Clock|oneHz:OneHzClockGenerator|dividebyN:div1000L|OUT 
Info (332146): Worst-case recovery slack is -7.235
    Info (332119):     Slack       End Point TNS Clock 
    Info (332119): ========= =================== =====================
    Info (332119):    -7.235             -28.940 timer:Clock|dividebyN:hour_low|OUT 
    Info (332119):    -6.604             -58.864 timer:Clock|oneHz:OneHzClockGenerator|dividebyN:div1000L|OUT 
    Info (332119):    -6.464             -25.856 timer:Clock|oneHz:OneHzClockGenerator|dividebyN:div5|OUT 
    Info (332119):    -6.005             -18.015 timer:Clock|dividebyN:seconds_low|OUT 
    Info (332119):    -5.964             -58.624 timer:Clock|oneHz:OneHzClockGenerator|dividebyN:div10|OUT 
    Info (332119):    -5.697             -97.378 alarmMode 
    Info (332119):    -5.670             -17.010 timer:Clock|dividebyN:min_low|OUT 
    Info (332119):    -5.514             -22.056 alarmTime:Alarm|dividebyN:hour_low|OUT 
    Info (332119):    -5.229             -15.687 clock 
    Info (332119):    -4.531             -13.593 alarmTime:Alarm|dividebyN:min_low|OUT 
    Info (332119):    -3.417             -10.251 alarmTime:Alarm|dividebyN:seconds_low|OUT 
Info (332146): Worst-case removal slack is 1.771
    Info (332119):     Slack       End Point TNS Clock 
    Info (332119): ========= =================== =====================
    Info (332119):     1.771               0.000 alarmMode 
    Info (332119):     2.677               0.000 clock 
    Info (332119):     2.685               0.000 alarmTime:Alarm|dividebyN:seconds_low|OUT 
    Info (332119):     3.077               0.000 timer:Clock|oneHz:OneHzClockGenerator|dividebyN:div1000L|OUT 
    Info (332119):     3.278               0.000 timer:Clock|dividebyN:min_low|OUT 
    Info (332119):     3.374               0.000 timer:Clock|oneHz:OneHzClockGenerator|dividebyN:div10|OUT 
    Info (332119):     3.674               0.000 timer:Clock|dividebyN:seconds_low|OUT 
    Info (332119):     3.758               0.000 alarmTime:Alarm|dividebyN:min_low|OUT 
    Info (332119):     4.117               0.000 timer:Clock|oneHz:OneHzClockGenerator|dividebyN:div5|OUT 
    Info (332119):     4.864               0.000 alarmTime:Alarm|dividebyN:hour_low|OUT 
    Info (332119):     5.041               0.000 timer:Clock|dividebyN:hour_low|OUT 
Info (332146): Worst-case minimum pulse width slack is -3.000
    Info (332119):     Slack       End Point TNS Clock 
    Info (332119): ========= =================== =====================
    Info (332119):    -3.000             -45.090 alarmMode 
    Info (332119):    -3.000              -8.612 clock 
    Info (332119):    -3.000              -4.403 StartStop 
    Info (332119):    -1.403             -15.433 timer:Clock|oneHz:OneHzClockGenerator|dividebyN:div1000L|OUT 
    Info (332119):    -1.403             -15.433 timer:Clock|oneHz:OneHzClockGenerator|dividebyN:div10|OUT 
    Info (332119):    -1.403              -7.015 timer:Clock|oneHz:OneHzClockGenerator|dividebyN:div5|OUT 
    Info (332119):    -1.403              -5.612 alarmTime:Alarm|dividebyN:hour_low|OUT 
    Info (332119):    -1.403              -5.612 timer:Clock|dividebyN:hour_low|OUT 
    Info (332119):    -1.403              -5.612 timer:Clock|dividebyN:min_low|OUT 
    Info (332119):    -1.403              -5.612 timer:Clock|dividebyN:seconds_low|OUT 
    Info (332119):    -1.403              -4.209 alarmTime:Alarm|dividebyN:min_low|OUT 
    Info (332119):    -1.403              -4.209 alarmTime:Alarm|dividebyN:seconds_low|OUT 
Info: Analyzing Slow 1200mV 0C Model
Info (334003): Started post-fitting delay annotation
Info (334004): Delay annotation completed successfully
Info (332123): Deriving Clock Uncertainty. Please refer to report_sdc in the Timing Analyzer to see clock uncertainties.
Critical Warning (332148): Timing requirements not met
Info (332146): Worst-case setup slack is -5.870
    Info (332119):     Slack       End Point TNS Clock 
    Info (332119): ========= =================== =====================
    Info (332119):    -5.870              -7.173 timer:Clock|dividebyN:min_low|OUT 
    Info (332119):    -5.855              -6.019 timer:Clock|oneHz:OneHzClockGenerator|dividebyN:div5|OUT 
    Info (332119):    -5.748              -5.841 timer:Clock|dividebyN:seconds_low|OUT 
    Info (332119):    -5.397             -22.412 timer:Clock|oneHz:OneHzClockGenerator|dividebyN:div10|OUT 
    Info (332119):    -5.189             -26.447 timer:Clock|oneHz:OneHzClockGenerator|dividebyN:div1000L|OUT 
    Info (332119):    -5.169             -23.948 alarmMode 
    Info (332119):    -4.681              -4.858 clock 
    Info (332119):    -0.335              -0.813 timer:Clock|dividebyN:hour_low|OUT 
    Info (332119):    -0.226              -0.487 alarmTime:Alarm|dividebyN:hour_low|OUT 
    Info (332119):    -0.111              -0.177 alarmTime:Alarm|dividebyN:seconds_low|OUT 
    Info (332119):    -0.081              -0.143 alarmTime:Alarm|dividebyN:min_low|OUT 
    Info (332119):     0.361               0.000 StartStop 
Info (332146): Worst-case hold slack is 0.289
    Info (332119):     Slack       End Point TNS Clock 
    Info (332119): ========= =================== =====================
    Info (332119):     0.289               0.000 timer:Clock|dividebyN:min_low|OUT 
    Info (332119):     0.296               0.000 alarmTime:Alarm|dividebyN:min_low|OUT 
    Info (332119):     0.296               0.000 alarmTime:Alarm|dividebyN:seconds_low|OUT 
    Info (332119):     0.306               0.000 alarmMode 
    Info (332119):     0.306               0.000 clock 
    Info (332119):     0.306               0.000 timer:Clock|dividebyN:hour_low|OUT 
    Info (332119):     0.306               0.000 timer:Clock|dividebyN:seconds_low|OUT 
    Info (332119):     0.306               0.000 timer:Clock|oneHz:OneHzClockGenerator|dividebyN:div5|OUT 
    Info (332119):     0.312               0.000 alarmTime:Alarm|dividebyN:hour_low|OUT 
    Info (332119):     0.354               0.000 StartStop 
    Info (332119):     0.775               0.000 timer:Clock|oneHz:OneHzClockGenerator|dividebyN:div10|OUT 
    Info (332119):     1.074               0.000 timer:Clock|oneHz:OneHzClockGenerator|dividebyN:div1000L|OUT 
Info (332146): Worst-case recovery slack is -6.650
    Info (332119):     Slack       End Point TNS Clock 
    Info (332119): ========= =================== =====================
    Info (332119):    -6.650             -26.600 timer:Clock|dividebyN:hour_low|OUT 
    Info (332119):    -6.141             -54.558 timer:Clock|oneHz:OneHzClockGenerator|dividebyN:div1000L|OUT 
    Info (332119):    -5.979             -23.916 timer:Clock|oneHz:OneHzClockGenerator|dividebyN:div5|OUT 
    Info (332119):    -5.539             -16.617 timer:Clock|dividebyN:seconds_low|OUT 
    Info (332119):    -5.529             -54.302 timer:Clock|oneHz:OneHzClockGenerator|dividebyN:div10|OUT 
    Info (332119):    -5.270             -15.810 timer:Clock|dividebyN:min_low|OUT 
    Info (332119):    -5.240             -89.015 alarmMode 
    Info (332119):    -5.104             -20.416 alarmTime:Alarm|dividebyN:hour_low|OUT 
    Info (332119):    -4.757             -14.271 clock 
    Info (332119):    -4.229             -12.687 alarmTime:Alarm|dividebyN:min_low|OUT 
    Info (332119):    -3.197              -9.591 alarmTime:Alarm|dividebyN:seconds_low|OUT 
Info (332146): Worst-case removal slack is 1.546
    Info (332119):     Slack       End Point TNS Clock 
    Info (332119): ========= =================== =====================
    Info (332119):     1.546               0.000 alarmMode 
    Info (332119):     2.303               0.000 clock 
    Info (332119):     2.489               0.000 alarmTime:Alarm|dividebyN:seconds_low|OUT 
    Info (332119):     2.860               0.000 timer:Clock|oneHz:OneHzClockGenerator|dividebyN:div1000L|OUT 
    Info (332119):     3.030               0.000 timer:Clock|dividebyN:min_low|OUT 
    Info (332119):     3.104               0.000 timer:Clock|oneHz:OneHzClockGenerator|dividebyN:div10|OUT 
    Info (332119):     3.369               0.000 timer:Clock|dividebyN:seconds_low|OUT 
    Info (332119):     3.439               0.000 alarmTime:Alarm|dividebyN:min_low|OUT 
    Info (332119):     3.764               0.000 timer:Clock|oneHz:OneHzClockGenerator|dividebyN:div5|OUT 
    Info (332119):     4.429               0.000 alarmTime:Alarm|dividebyN:hour_low|OUT 
    Info (332119):     4.596               0.000 timer:Clock|dividebyN:hour_low|OUT 
Info (332146): Worst-case minimum pulse width slack is -3.000
    Info (332119):     Slack       End Point TNS Clock 
    Info (332119): ========= =================== =====================
    Info (332119):    -3.000             -45.090 alarmMode 
    Info (332119):    -3.000              -8.612 clock 
    Info (332119):    -3.000              -4.403 StartStop 
    Info (332119):    -1.403             -15.433 timer:Clock|oneHz:OneHzClockGenerator|dividebyN:div1000L|OUT 
    Info (332119):    -1.403             -15.433 timer:Clock|oneHz:OneHzClockGenerator|dividebyN:div10|OUT 
    Info (332119):    -1.403              -7.015 timer:Clock|oneHz:OneHzClockGenerator|dividebyN:div5|OUT 
    Info (332119):    -1.403              -5.612 alarmTime:Alarm|dividebyN:hour_low|OUT 
    Info (332119):    -1.403              -5.612 timer:Clock|dividebyN:hour_low|OUT 
    Info (332119):    -1.403              -5.612 timer:Clock|dividebyN:min_low|OUT 
    Info (332119):    -1.403              -5.612 timer:Clock|dividebyN:seconds_low|OUT 
    Info (332119):    -1.403              -4.209 alarmTime:Alarm|dividebyN:min_low|OUT 
    Info (332119):    -1.403              -4.209 alarmTime:Alarm|dividebyN:seconds_low|OUT 
Info: Analyzing Fast 1200mV 0C Model
Info (332123): Deriving Clock Uncertainty. Please refer to report_sdc in the Timing Analyzer to see clock uncertainties.
Critical Warning (332148): Timing requirements not met
Info (332146): Worst-case setup slack is -2.473
    Info (332119):     Slack       End Point TNS Clock 
    Info (332119): ========= =================== =====================
    Info (332119):    -2.473              -2.473 timer:Clock|dividebyN:min_low|OUT 
    Info (332119):    -2.469              -2.469 timer:Clock|oneHz:OneHzClockGenerator|dividebyN:div5|OUT 
    Info (332119):    -2.411              -2.411 timer:Clock|dividebyN:seconds_low|OUT 
    Info (332119):    -2.161              -4.660 timer:Clock|oneHz:OneHzClockGenerator|dividebyN:div10|OUT 
    Info (332119):    -2.114              -7.212 timer:Clock|oneHz:OneHzClockGenerator|dividebyN:div1000L|OUT 
    Info (332119):    -2.050              -6.438 alarmMode 
    Info (332119):    -1.885              -1.885 clock 
    Info (332119):     0.352               0.000 timer:Clock|dividebyN:hour_low|OUT 
    Info (332119):     0.412               0.000 alarmTime:Alarm|dividebyN:hour_low|OUT 
    Info (332119):     0.479               0.000 alarmTime:Alarm|dividebyN:min_low|OUT 
    Info (332119):     0.481               0.000 alarmTime:Alarm|dividebyN:seconds_low|OUT 
    Info (332119):     0.693               0.000 StartStop 
Info (332146): Worst-case hold slack is 0.080
    Info (332119):     Slack       End Point TNS Clock 
    Info (332119): ========= =================== =====================
    Info (332119):     0.080               0.000 alarmMode 
    Info (332119):     0.138               0.000 timer:Clock|dividebyN:min_low|OUT 
    Info (332119):     0.143               0.000 alarmTime:Alarm|dividebyN:min_low|OUT 
    Info (332119):     0.143               0.000 alarmTime:Alarm|dividebyN:seconds_low|OUT 
    Info (332119):     0.147               0.000 timer:Clock|dividebyN:seconds_low|OUT 
    Info (332119):     0.148               0.000 clock 
    Info (332119):     0.148               0.000 timer:Clock|dividebyN:hour_low|OUT 
    Info (332119):     0.148               0.000 timer:Clock|oneHz:OneHzClockGenerator|dividebyN:div5|OUT 
    Info (332119):     0.152               0.000 alarmTime:Alarm|dividebyN:hour_low|OUT 
    Info (332119):     0.169               0.000 StartStop 
    Info (332119):     0.345               0.000 timer:Clock|oneHz:OneHzClockGenerator|dividebyN:div10|OUT 
    Info (332119):     0.462               0.000 timer:Clock|oneHz:OneHzClockGenerator|dividebyN:div1000L|OUT 
Info (332146): Worst-case recovery slack is -2.948
    Info (332119):     Slack       End Point TNS Clock 
    Info (332119): ========= =================== =====================
    Info (332119):    -2.948             -11.792 timer:Clock|dividebyN:hour_low|OUT 
    Info (332119):    -2.642             -22.730 timer:Clock|oneHz:OneHzClockGenerator|dividebyN:div1000L|OUT 
    Info (332119):    -2.566             -10.264 timer:Clock|oneHz:OneHzClockGenerator|dividebyN:div5|OUT 
    Info (332119):    -2.308              -6.924 timer:Clock|dividebyN:seconds_low|OUT 
    Info (332119):    -2.254             -22.128 timer:Clock|oneHz:OneHzClockGenerator|dividebyN:div10|OUT 
    Info (332119):    -2.142              -6.426 timer:Clock|dividebyN:min_low|OUT 
    Info (332119):    -2.118             -31.562 alarmMode 
    Info (332119):    -2.051              -8.204 alarmTime:Alarm|dividebyN:hour_low|OUT 
    Info (332119):    -1.958              -5.874 clock 
    Info (332119):    -1.574              -4.722 alarmTime:Alarm|dividebyN:min_low|OUT 
    Info (332119):    -1.019              -3.057 alarmTime:Alarm|dividebyN:seconds_low|OUT 
Info (332146): Worst-case removal slack is 0.505
    Info (332119):     Slack       End Point TNS Clock 
    Info (332119): ========= =================== =====================
    Info (332119):     0.505               0.000 alarmMode 
    Info (332119):     0.988               0.000 clock 
    Info (332119):     1.060               0.000 alarmTime:Alarm|dividebyN:seconds_low|OUT 
    Info (332119):     1.248               0.000 timer:Clock|oneHz:OneHzClockGenerator|dividebyN:div1000L|OUT 
    Info (332119):     1.335               0.000 timer:Clock|dividebyN:min_low|OUT 
    Info (332119):     1.356               0.000 timer:Clock|oneHz:OneHzClockGenerator|dividebyN:div10|OUT 
    Info (332119):     1.533               0.000 timer:Clock|dividebyN:seconds_low|OUT 
    Info (332119):     1.539               0.000 alarmTime:Alarm|dividebyN:min_low|OUT 
    Info (332119):     1.772               0.000 timer:Clock|oneHz:OneHzClockGenerator|dividebyN:div5|OUT 
    Info (332119):     2.100               0.000 alarmTime:Alarm|dividebyN:hour_low|OUT 
    Info (332119):     2.235               0.000 timer:Clock|dividebyN:hour_low|OUT 
Info (332146): Worst-case minimum pulse width slack is -3.000
    Info (332119):     Slack       End Point TNS Clock 
    Info (332119): ========= =================== =====================
    Info (332119):    -3.000             -34.546 alarmMode 
    Info (332119):    -3.000              -7.000 clock 
    Info (332119):    -3.000              -4.189 StartStop 
    Info (332119):    -1.000             -11.000 timer:Clock|oneHz:OneHzClockGenerator|dividebyN:div1000L|OUT 
    Info (332119):    -1.000             -11.000 timer:Clock|oneHz:OneHzClockGenerator|dividebyN:div10|OUT 
    Info (332119):    -1.000              -5.000 timer:Clock|oneHz:OneHzClockGenerator|dividebyN:div5|OUT 
    Info (332119):    -1.000              -4.000 alarmTime:Alarm|dividebyN:hour_low|OUT 
    Info (332119):    -1.000              -4.000 timer:Clock|dividebyN:hour_low|OUT 
    Info (332119):    -1.000              -4.000 timer:Clock|dividebyN:min_low|OUT 
    Info (332119):    -1.000              -4.000 timer:Clock|dividebyN:seconds_low|OUT 
    Info (332119):    -1.000              -3.000 alarmTime:Alarm|dividebyN:min_low|OUT 
    Info (332119):    -1.000              -3.000 alarmTime:Alarm|dividebyN:seconds_low|OUT 
Info (332102): Design is not fully constrained for setup requirements
Info (332102): Design is not fully constrained for hold requirements
Info: Quartus Prime Timing Analyzer was successful. 0 errors, 8 warnings
    Info: Peak virtual memory: 4829 megabytes
    Info: Processing ended: Mon Dec 02 13:57:14 2024
    Info: Elapsed time: 00:00:02
    Info: Total CPU time (on all processors): 00:00:02


